sr_no,date,startup_name,subvertical,city,investors,investment_type,amount_usd,remarks,year,industry
1,2020-09-01,byju’s,e-learning,bangalore,tiger global management,private equity round,200000000.0,,2020.0,edtech
2,NaT,shuttl,app based shuttle service,gurgaon,susquehanna growth equity,series c,8048394.0,,,mobility
3,2020-09-01,mamaearth,retailer of baby and toddler products,bangalore,sequoia capital india,series b,18358860.0,,2020.0,ecommerce
4,2020-02-01,wealthbucket.in,online investment,delhi,vinod khatumal,pre-series a,3000000.0,,2020.0,fintech
5,2020-02-01,fashor,embroiled clothes for women,mumbai,sprout venture partners,seed round,1800000.0,,2020.0,other
6,NaT,pando,"open-market, freight management platform",chennai,chiratae ventures,series a,9000000.0,,,logistics
7,2020-10-01,zomato,online food delivery platform,gurgaon,ant financial,private equity round,150000000.0,,2020.0,technology
8,2019-12-12,ecozen,agritech,pune,sathguru catalyzer advisors,series a,6000000.0,,2019.0,technology
9,2019-06-12,cardekho,automobile,gurgaon,ping an global voyager fund,series d,70000000.0,,2019.0,ecommerce
10,2019-03-12,dhruva space,satellite communication,bangalore,"mumbai angels, ravikanth reddy",seed,50000000.0,,2019.0,other
11,NaT,rivigo,logistics services and solutions,gurgaon,"saif partners, spring canter investment ltd.",series f,20000000.0,,,technology
12,NaT,healthians,food solutions for corporate,bangalore,"paytm, nptk, sabre partners and neoplux",series c,12000000.0,,,food
13,NaT,licious,online meat and seafood ordering startup,bangalore,vertex growth fund,series e,30000000.0,,,ecommerce
14,NaT,incred,non-banking financial company,mumbai,,debt funding,5900000.0,,,fintech
15,NaT,trell,experience discovery platform,bangalore,ruizheng investment,seed round,2000000.0,,,media_entertainment
16,2019-11-12,rein games,real money based gaming startup,noida,manipal education and medical group (memg),seed round,50000000.0,,2019.0,media_entertainment
17,NaT,lenskart.com,online eyewear shopping portal,faridabad,softbank vision fund,series g,231000000.0,,,ecommerce
18,NaT,freshworks,business and customer engagement tools,san francisco,"sequoia, capitalg, accel",series h,150000000.0,,,technology
19,NaT,misters,men s health and wellness brand,gurgaon,"sauce.vc, rainforest ventures",series b,486000.0,,,healthcare
20,NaT,sunstone eduversity pvt. ltd,elearning,gurgaon,"prime venture partners, letsventure, ps1 venture and globallogic co-founder rajul garg",seed,1500000.0,,,edtech
21,NaT,burger singh,indian burger brand,gurgaon,rb investments,venture,,,,food
22,NaT,healthians,healthcare services,gurgaon,"dg daiwa ventures, dg incubation",series b,12000000.0,,,healthcare
23,NaT,ninjacart,agritech,bangalore,trifecta capital advisors,debt funding,26000000.0,,,other
24,NaT,aye finance,financial services to msmes,gurgaon,fintech,debt funding,17411265.0,,,fintech
25,2019-12-11,supergaming,social gaming platform,pune,dream incubator,seed funding,1300000.0,,2019.0,media_entertainment
26,NaT,clumio,recovery software,san jose,"altimeter capital, sutter hill ventures",series c,135000000.0,,,saas
27,2019-11-11,ebikego,electric bike rental,amritsar,startup buddy,seed,300000.0,,2019.0,mobility
28,NaT,digital mall asia,virtual e-commerce platform,delhi,amour infrastructure,seed funding,220000000.0,,,ecommerce
29,NaT,medikabazaar,b2b platform for medical supplies,mumbai,"ackermans & van haaren, healthquad, rebright partners, toppan printing",series b,15800000.0,,,healthcare
30,NaT,vogo automotive,scooter sharing app,kormangala,"matrix partners, stellaris venture partners, kalaari capital",series b,283000000.0,,,mobility
31,NaT,furtados school of music,music education,tulangan,ian fund and dsg consumer partners,,200000000.0,,,edtech
32,NaT,paytm,mobile wallet,noida,vijay shekhar sharma,funding round,1000000000.0,,,fintech
33,2019-04-10,dunzo,delivery service,bangalore,lightbox,series d,45000000.0,,2019.0,other
34,2019-02-10,udaan,business development,bangalore,"altimeter capital, dst global",series d,585000000.0,,2019.0,other
35,NaT,the man company,beauty and grooming,gurgaon,ayushmann khurana,corporate round,,,,fmcg
36,2019-05-09,fpl technologies,financial services,pune,"matrix partners india, sequoia india",maiden round,4500000.0,,2019.0,fintech
37,2019-04-09,cashflo,invoice discounting platform and sme lending marketplace,mumbai,saif partners,series a,3300000.0,,2019.0,fintech
38,2019-04-09,digital f5,digital marketing firm,mumbai,tiw private equity,private equity round,6000000.0,,2019.0,other
39,2019-04-09,3rdflix,education technology,hyderabad,exfinity venture partners,pre-series a,5000000.0,,2019.0,saas
40,2019-04-09,75f,building automation system,burnsville,breakthrough energy ventures,series a,18000000.0,,2019.0,technology
41,2019-04-09,myelin foundry,deep-technology,bangalore,endiya partners,seed,1000000.0,,2019.0,technology
42,2019-04-09,atomberg technology,"consumer electronics, home appliances",mumbai,a91 partners,series a,10000000.0,,2019.0,technology
43,2019-04-09,goqii,wearable fitness bands,menlo park,bennett coleman and company ltd (bccl),series c,450000000.0,,2019.0,healthcare
44,2019-03-09,vyapar app,mobile-based accounting software,bangalore,"india quotient, axilor ventures",series a,5000000.0,,2019.0,other
45,2019-01-08,cardekho,automotive,gurgaon,sc gg india mobility holdings llc,series c,20000000.0,,2019.0,ecommerce
46,2019-01-08,progcap,supply chain management,delhi,sequoia india,series a,5000000.0,,2019.0,fintech
47,2019-01-08,mypetrolpump,fuel delivery,bangalore,,seed funding round,1600000.0,,2019.0,ecommerce
48,2019-01-08,alteria capital,vc funds,mumbai,"azim premji, binny bansal",single venture,140000000.0,,2019.0,fintech
49,2019-01-08,pine labs,last-mile retail transaction technology,noida,pine labs pte ltd,corporate round,38080000.0,,2019.0,technology
50,2019-12-08,meesho,social commerce,bangalore,naspers,series d,125000000.0,,2019.0,ecommerce
51,NaT,cars24,car retail,gurgaon,ms dhoni,series d,11000000.0,,,ecommerce
52,NaT,uniphore,conversational ai,palo alto,march capital partners,series c,51000000.0,,,other
53,NaT,zendrive,road safety analytics,san francisco,xl innovate,series b,37000000.0,,,mobility
54,NaT,lo! foods,low carb food for diabetics,bangalore,"rashmi daga (founder, freshmenu), raveen sastry (co-founder, myntra) and mitesh shah (finance chief, bookmyshow)",seed round,500000.0,,,fmcg
55,NaT,tala,digital lending platform,santa monica,rps ventures,series d,110000000.0,,,fintech
56,NaT,indwealth,wealth management,gurgaon,tiger global management,venture round,15000000.0,,,fintech
57,NaT,hungerbox,b2b foodtech,bangalore,one97 communications ltd.,series c,6590000.0,,,food
58,NaT,admitkard,university admissions,noida,growth dna,seed round,1000000.0,,,technology
59,NaT,mishry reviews,product review,gurgaon,vir sanghvi,series a,,,,other
60,NaT,grofers,grocery delivery,gurgaon,softbank vision fund,series f,70000000.0,,,ecommerce
61,NaT,rapido bike taxi,bike taxi,bangalore,westbridge capital,series b,3900000000.0,,,mobility
62,2019-02-07,renewbuy,auto insurance,gurgaon,"lok capital, iifl wealth",series b,19000000.0,,2019.0,fintech
63,2019-02-07,atlan,big data,singapore,waterbridge ventures,pre-series a,2500000.0,,2019.0,technology
64,2019-01-07,wizcounsel,consulting,delhi,kapil dev,angel,145000.0,,2019.0,other
65,2019-03-07,ola cabs,cabs,kormangala,"dig investment ab, deshe holdings, samih toukan and hussam khoury",series j,1000000.0,,2019.0,mobility
66,2019-01-07,uniphore,speech recognition,taramani,march capital partners,series c,38080000.0,,2019.0,other
67,2019-04-07,daalchini technologies,digital vending machine,delhi,artha venture,seed round,500000.0,,2019.0,food
68,2019-10-07,byju\'s,education,bangalore,qatar investment authority,private equity round,150000000.0,,2019.0,technology
69,2019-11-07,moglix,industrial tools and equipments,singapore,"composite capital management, sequoia capital india, tiger global management",series d,60000000.0,,2019.0,ecommerce
70,2019-10-07,ezyhaul,logistics,singapore,undisclosed,series b,16000000.0,,2019.0,technology
71,2019-10-07,indus os,smartphone operating system,andheri,ventureast,series b,5750000.0,,2019.0,technology
72,2019-10-07,healthassure,primary care medical network,mumbai,blume ventures,series a,2500000.0,,2019.0,healthcare
73,2019-09-07,house of msasaba,clothes and apparel,mumbai,binny bansal,series a,1000000.0,,2019.0,other
74,2019-08-07,board infinity,full-stack career platform,chembur,multiple angel investors,angel round,319605.0,,2019.0,technology
75,2019-05-06,nobroker,real estate,bangalore,general atlantic,series c,51000000.0,,2019.0,ecommerce
76,2019-04-06,bira91,brewery,delhi,anicut capital,debt funding,10000000.0,,2019.0,food
77,2019-03-06,fabhotels,hospitality,gurgaon,"goldman sachs, accel partners and qualcomm",,4889975.54,,2019.0,ecommerce
78,2019-03-06,avail finance,fintech,bangalore,matrix partners,series a,9000000.0,,2019.0,fintech
79,2019-04-06,bharatpe,fintech,delhi,insight partners,series b,75000000.0,,2019.0,fintech
80,2019-04-06,recykal,optimization,hyderabad,"triton investment advisors, pidilite industries director ajay parekh",pre-series a,26000000.0,,2019.0,other
81,2019-03-06,agara labs,artificial intelligence,bangalore,blume ventures and rtp global,pre-series a,2500000.0,,2019.0,technology
82,2019-06-06,sistema.bio,hybrid reactor biodigestor,nairobi,"shell foundation, dila capital, engie rde fund, ecoenterprise fund, edfimc (electrifi), endeavor catalyst fund, cocapital, triodos, alpha mundi, and lendahand",,2739034.68,,2019.0,other
83,2019-06-06,chakr innovation,renewable energy,delhi,ian fund,series a,26000000.0,,2019.0,other
84,2019-06-06,pratilipi,e-books,bangalore,qiming venture partners,series b,15109500.0,,2019.0,media_entertainment
85,2019-10-06,bolo app,video platform,bangalore,nexus venture partners,seed funding,430200.0,,2019.0,media_entertainment
86,2019-10-06,okcredit,financial services,haryana,tiger global management,series a,15500000.0,,2019.0,fintech
87,2019-06-06,biz2credit,online lending platform,new york,westbridge capital,series b,52000000.0,,2019.0,fintech
88,2019-08-06,vogo automotive pvt. ltd.,dockless scooter rental company,karnataka,alteria capital,debt funding,3584000.0,,2019.0,mobility
89,2019-04-06,leegality,digital documentation,mumbai,mumbai angels,series a,3400000.0,,2019.0,other
90,2019-06-05,ola electric,cabs,bangalore,tata sons,series a,,,2019.0,mobility
91,2019-06-05,saahas zero waste,optimization,bangalore,c4d partners,venture - series unknown,868600.0,,2019.0,other
92,2019-05-05,styledotme,fashion and shopping,delhi,"indian angel network and other angel investors, innov8 founder ritesh malik, josh talks founders supriya paul and shobha banga, and former hero corporate president rohit chanana",bridge round,,,2019.0,ecommerce
93,2019-01-05,blackbuck,logistics,bangalore,"goldman sachs investment partners and silicon valley-based accel, wellington, sequoia capital, b capital, lightstreet, sands capital and international finance corporation,",series d,150000000.0,,2019.0,mobility
94,2019-02-05,zenoti,beauty and wellness industry,hyderabad,tiger global management,series c,50000000.0,,2019.0,saas
95,NaT,ather energy,electric vehicle,bangalore,sachin bansal,series c,51000000.0,,,mobility
96,NaT,freshvnf,fresh agriculture produces,mumbai,equanimity ventures,seed round,140000000.0,,,technology
97,NaT,glowroad,retail,bangalore,"korea investment partners, vertex ventures",series b,11500000.0,,,ecommerce
98,NaT,bira91,brewery,delhi,sixth sense ventures,series b,5600000.0,,,food
99,NaT,kuvera,wealth management,bangalore,eight roads,series a,45000000.0,,,fintech
100,2019-12-04,medlife,online medicine,bangalore,prasid uno family trust,private equity,17000000.0,,2019.0,ecommerce
101,2019-10-04,kabadiwala,waste management,bhopal,"unilever, beehive capital advisor, abcom investments, parekh marine transport,",private equity,430665.0,,2019.0,ecommerce
102,NaT,tripoto,travel,delhi,"orchid india, hornbill orchid india fund, chiratae ventures (formerly idg ventures), 3one4 capital, lasmer nv",series b,3591375.0,,,media_entertainment
103,2019-12-04,azah,organic wellness,gurgaon,unnamed angel investors,seed funding,200000.0,,2019.0,healthcare
104,2019-11-04,setu,banking,bangalore,lightspeed india partners,seed funding,3500000.0,,2019.0,fintech
105,2019-10-04,toppr,e-learning,mumbai,milestone,debt and preference capital,6320820.0,,2019.0,technology
106,2019-10-04,craftsvilla,fashion and apparel,mumbai,supera pte ltd,inhouse funding,2443495.0,,2019.0,ecommerce
107,2019-10-04,unacademy,e-learning,bangalore,kalyan krishnamurthy,seed/ angel funding,307000.0,,2019.0,technology
108,2019-11-04,clevertap,mobile analytics and marketing,mumbai,"sequoia india, tiger global management, accel partners",series b,26000000.0,,2019.0,saas
109,NaT,my healthcare,software solutions,bengaluru and gurugram,sixth sense ventures,series a,3000000.0,,,ecommerce
110,NaT,krazybee,lending platform,bangalore,"bac acquisitions, unifi aif, brd securities, northern r capital",debt,,,,ecommerce
111,NaT,shuttl,bus aggregation,gurgaon,new atlantic ventures,venture round,5000000.0,,,mobility
112,NaT,increff,supply-chain technology solutions,bangalore,"021 capita, binny bansal",series a,3000000.0,,,technology
113,2019-01-02,fleetx,logistics,gurgaon,india quotient and letsventure xe2 x80 x99s angel fund,pre series a,,,2019.0,technology
114,2019-08-02,zilingo,fashion & apparel,india,"sequoia capital and temasek holdings, edbi, burda principal investments, and sofina",series d,226000000.0,,2019.0,ecommerce
115,NaT,nanoclean global,anti-pollution,delhi,"letsventure, pitchright venture, 91springboard, al nour international holdings and mark v investments",series a,600000.0,,,technology
116,NaT,oyorooms,budget rooms,gurgaon,didi chuxing,equity,100000000.0,,,technology
117,2019-03-01,cardekho,online marketplace,jaipur,"sequoia india, hillhouse capital, alphabet xe2 x80 x99s growth investment arm capital g and axis bank",series c,110000000.0,,2019.0,mobility
118,2019-04-01,vyome therapeutics inc.,specialty pharmaceutical,india,"iron pillar, perceptive advisors, romulus capital and kalaari capital",series d,22000000.0,,2019.0,healthcare
119,2019-04-01,samunnati financial intermediation & services pvt. ltd,non-banking financial company,chennai,"massif, a dutch government fund",debt-funding,5000000.0,,2019.0,fintech
120,2018-04-12,manch,hyperlocal content,delhi,stellaris venture partners,seed funding,700000.0,,2018.0,media_entertainment
121,2018-01-12,urbanclap technologies pvt. ltd,home services marketplace,delhi,steadview capital and vy capital.,series d,50000000.0,,2018.0,other
122,2018-02-12,guiddoo,platform for travel agents,mumbai,individual investors,pre-series a,800000.0,,2018.0,technology
123,2018-02-12,career anna,"video-based certification, trainings",gurgaon,individual investors,pre-series a,572000.0,,2018.0,edtech
124,2018-04-12,nagpur wholesale,ecommerce,nagpur,omphalos ventures india llp,seed funding,143000.0,,2018.0,ecommerce
125,2018-06-12,shopkirana,ecommerce,indore,"info edge, aet fund, akatsuki and incubate fund from japan and better capital angellist syndicate.",seed funding,2000000.0,,2018.0,other
126,2018-06-12,buildsupply,"real estate, erp",gurgaon,"venture highway, gree ventures, space matrix, individual investors",series a,3500000.0,,2018.0,ecommerce
127,2018-01-11,godesi,regional flavours,bangalore,lead angels network,seed/ angel funding,138995.0,,2018.0,food
128,2018-03-11,veritas finance ltd.,msme finance,chennai,"norwest venture partners, cdc group, the uk xe2 x80 x99s development finance institution and p surendra pai",series d,27799000.0,,2018.0,fintech
129,2018-06-11,meesho,social commerce,bangalore,"shunwei capital, dst partners and rps ventures",series c,50000000.0,,2018.0,ecommerce
130,2018-08-11,mobile premier league,mobile e-sports,bangalore,undisclosed,series a,500000.0,,2018.0,media_entertainment
131,2018-08-11,a&r bon vivants,meat retail chain,jaipur,"rb investments, singapore",equity,1000000.0,,2018.0,food
132,2018-12-11,blackbuck,pos for online ordering,new york bengaluru,tiger global,series a,1000000.0,,2018.0,food
133,2018-12-11,milkbasket,micro-delivery grocery service,delhi,mayfield fund,series b,1300000.0,,2018.0,food
134,NaT,driveu,on-demand drivers,bangalore,stevens creek ventures,mezzanine,1000000.0,,,mobility
135,NaT,cleansecar,car wash,bangalore,venture catalysts,seed/ angel funding,500000.0,,,other
136,NaT,automation anywhere,robotics,california,softbank vision fund,series b,300000000.0,,,mobility
137,NaT,healthifyme,wellness coach,bangalore,"sistema asia fund, vc samsung next, chiratae ventures, inventus capital, blume ventures and innoven capital.",series b (extension),6000000.0,,,healthcare
138,NaT,genius corner,personalized learning,noida,individual investors,seed funding,278000.0,,,edtech
139,NaT,aavishkaar-intellecap group,sme funding,mumbai,teachers insurance and annuity association (tiaa),equity based funding,31000000.0,,,fintech
140,NaT,skillbox,art,gurgaon,individual investors,seed funding,,,,media_entertainment
141,NaT,signzy,digital onboarding solution,mumbai,"stellaris venture partners and kalaari capital, rajan anandan from google, dilip khandwelwal from sap labs india, and amrish rau from payu india",series a,3400000.0,,,fintech
142,NaT,engineer.ai,ai platform,india,"lakestar and jungle ventures, softbank xe2 x80 x99s deepcore.",series a,29500000.0,,,technology
143,NaT,incred finance,sme lending,india,"paragon partners, individual investors",private equity,42000000.0,,,fintech
144,NaT,roposo,video sharing,delhi,bertelsmann india investments,series b,1700000.0,,,media_entertainment
145,2018-01-10,northmist,mens wear,delhi,prashant jaiswal,seed/ angel funding,,,2018.0,other
146,2018-02-10,origo commodities india pvt. ltd,supply chain,hyderabad,"cooperative oikocredit, caspian and hivos-triodos fund",seed/ angel funding,11000000.0,,2018.0,logistics
147,2018-04-10,grover zampa,wine,mumbai,ravi viswanathan,private equity,8200000.0,,2018.0,food
148,2018-05-10,droom,new and used cars platform,gurgaon,zigexn,series e,3000000.0,,2018.0,mobility
149,2018-11-10,innov8,co-working,delhi,credence family office,pre-series a,4000000.0,,2018.0,real_estate
150,2018-12-10,blackbuck,largest trucking platform,bangalore,sequoia capital india,private funding,14680000.0,,2018.0,logistics
151,2018-12-10,letstransport,book trucks online,bangalore,fosun international,series c,12000000.0,,2018.0,logistics
152,2018-01-09,netmeds,online pharmacy chain,chennai,"sistema asia fund, sistema jsfc and tanncam investment",private equity,35000000.0,,2018.0,ecommerce
153,2018-03-09,udaan,logistics and shipping,bangalore,dst global and lightspeed venture partners xe2 x80 x99 global fund.,private equity,225000000.0,,2018.0,other
154,2018-03-09,daily hunt,news and ebooks mobile app xc2 xa0,bangalore,falcon edge,private equity,6390000.0,,2018.0,ecommerce
155,2018-04-09,3hcare,healthcare service provider,delhi,,seed / angel funding,1000000.0,,2018.0,healthcare
156,2018-04-09,happygoeasy,online travel agecy,gurgaon,"korea investment partners (kip), samsung and china-based citic capital and others",private equity,,,2018.0,ecommerce
157,2018-05-09,nykaa,online marketplace for multi-brand beauty cosmetic and wellness products,mumbai,lighthouse,private equity,157200000.0,,2018.0,ecommerce
158,2018-05-09,mad street den,computer vision and artificial intelligence (ai) platform,chennai,kddi xc2 xa0,private equity,,,2018.0,technology
159,2018-06-09,dream11,online gaming platform,mumbai,"tencent, kalaari capital and private equity firm multiples alternate asset management",private equity,100000000.0,,2018.0,ecommerce
160,2018-10-09,mamaearth,online marketplace for mother and babycare products,gurgaon,stellaris ventures & others,private equity,4000000.0,,2018.0,healthcare
161,2018-11-09,autogrid,ai-based energy optimisation and control provider,bangalore,"clp holdings group, innogy, xc3 x98rstead, and tenaska",private equity,32000000.0,,2018.0,technology
162,2018-11-09,pharmeasy,online marketplace for pharmaceutical products,mumbai,innoven capital,debt funding,5500000.0,,2018.0,ecommerce
163,2018-11-09,upwards,online micro lending marketplace,mumbai,"shunwei capital,quotient, mayfield & others",private equity,5000000.0,,2018.0,fintech
164,2018-12-09,kissht,online lending platform,mumbai,"vertex ventures southeast asia (sea) and india and sistema asia fund, fosun rz capital, ventureast, and endiya partners. n n",private equity,30000000.0,,2018.0,fintech
165,2018-01-08,dishq,personalisation technology firm focusing on the food and beverage industry,bangalore,"farm to fork, arts alliance, the syndicate fund, sven hensen, zeroth and artesian venture partners",seed/ angel funding,400000.0,,2018.0,food
166,2018-01-08,healthfin,patient financing platform,pune,"axilor, sprout venture partners and others",seed/ angel funding,,,2018.0,fintech
167,2018-02-08,samosa labs,social media and chat entertainment platform,hyderabad,xiaomi and sequoia capital india,private equity,7000000.0,,2018.0,ecommerce
168,2018-03-08,ziffyhomes,online home rental marketplace,gurgaon,y combinator,private equity,120000.0,,2018.0,ecommerce
169,2018-07-08,my omnamo,holy platform offering customised puja packages to individuals and corporates,mumbai,,seed/ angel funding,1000000.0,,2018.0,ecommerce
170,2018-07-08,shopx,assisted e-commerce platform,bangalore,fung strategic holdings,private equity,35000000.0,,2018.0,ecommerce
171,2018-07-08,makemytrip,online travel aggregator,gurgaon,makemytrip limited,private equity,10000000.0,,2018.0,ecommerce
172,2018-08-08,hansel io,real-time mobile app management,bangalore,vertex ventures,seed/ angel funding,4000000.0,,2018.0,ecommerce
173,2018-08-08,metro bikes,online bike rental marketplace,bangalore,"sequoia capital india advisors, accel partners and g raghunandan",private equity,12200000.0,,2018.0,ecommerce
174,2018-08-08,phone pe,upi payments app,bangalore,flipkart,private equity,66000000.0,,2018.0,ecommerce
175,2018-09-08,quizizz,e-learning platform,bangalore,"nexus venture partners, prime venture partners and others",seed/ angel funding,3000000.0,,2018.0,technology
176,2018-09-08,happy emi,consumer financing platform,bangalore,aj ventures and jain international trade organisation (jito),seed/ angel funding,1000000.0,,2018.0,fintech
177,NaT,inthree,rural e-commerce platform,chennai,"ventureast, orios venture partners and the ian fund",seed/ angel funding,4000000.0,,,ecommerce
178,NaT,observe ai,ai based solutions platform,bangalore,"nexus venture partners, mgv, liquid 2 ventures, hack vc, emergent ventures and y combinator",private equity,8000000.0,,,technology
179,NaT,enakshi,ai based solutions platform,ahemadabad,,seed/ angel funding,114811.0,,,ecommerce
180,NaT,eazydiner,online restaurant table reservation platform,gurgaon,denlow investment trust and beenext,private equity,5850000.0,,,ecommerce
181,NaT,finzy,online loan matchmaking platform,bangalore,,seed / angel funding,1000000.0,,,fintech
182,NaT,rawpressery,online organic juice delivery service,mumbai,alteria capital,debt funding,4800000.0,,,ecommerce
183,NaT,pi ventures,applied artificial intelligence and iot focused xc2 xa0platform,bangalore,cdc group plc xc2 xa0,private equity,6000000.0,,,technology
184,NaT,revv,online indian car rental platform,gurgaon,"hyundai, edelweiss and beenext, dream incubator, sunjay kapoor and telama investment",private equity,14270000.0,,,ecommerce
185,NaT,zestmoney,online lending platform,bangalore,"xiaomi,payu, ribbit capital and omidyar network",private equity,13400000.0,,,ecommerce
186,NaT,shubh loans,xc2 xa0customer sourcing platform xc2 xa0,bangalore,"saama capital, sri capital, beenext, and pravega ventures",private equity,4200000.0,,,fintech
187,NaT,myupchar,local language health content app,delhi,"nexus venture partners, omidyar network and shunwei capital",private equity,5000000.0,,,healthcare
188,NaT,narvar,post-purchase customer engagement platform xc2 xa0,bangalore,accel (formerly known as accel partners),private equity,3000000.0,,,technology
189,NaT,true north,private equity firm,mumbai,,private equity,600000000.0,,,fintech
190,2018-01-07,leena ai,hr virtual agent for employees,gurgaon,y combinator,seed/ angel funding,,,2018.0,technology
191,2018-02-07,biryani by kilo,online food delivery,gurgaon,ajay relan and vinay mittal,seed/ angel funding,1000000.0,,2018.0,ecommerce
192,2018-04-07,anchanto,e-commerce fulfilment platform,pune,mdi ventures & telkom indonesia,private equity,4000000.0,,2018.0,technology
193,NaT,loan tap,online lending platform for salaried professionals,mumbai,"shunwei capital, tuscan ventures, ashish goenka, vc firms india quotient and kae capital",private equity,6250000.0,,,ecommerce
194,2018-06-07,policybazaar,online insurance selling platform,gurgaon,info edge (india) ltd and temasek,private equity,27700000.0,,2018.0,ecommerce
195,2018-09-07,zippserv,online platform for risk-assessment services for real estate investments,bangalore,info edge (india) ltd,seed/ angel funding,440000.0,,2018.0,ecommerce
196,2018-09-07,groww,online platform that sells direct plans of mutual funds,bangalore,"insignia ventures partners, lightbridge partners & kairos",seed/ angel funding,1100000.0,,2018.0,ecommerce
197,2018-10-07,avenue growth,online platform that connects brands with freelance sales professionals,gurgaon,"avtar monga, chief operating office at idfc bank, aditya malik & others",seed/ angel funding,437000.0,,2018.0,ecommerce
198,2018-10-07,inicu,med-tech platform providing care for newborns,delhi,venture catalysts,seed/ angel funding,,,2018.0,healthcare
199,2018-10-07,kinara capital,lending platform for micro and small enterprises,bangalore,responsability,private equity,5000000.0,,2018.0,fintech
200,2018-10-07,shop 101,mobile storefront and commerce platform for sellers,mumbai,"stellaris venture partners, vy capital, raghunandan g, and ramakant sharma",private equity,5000000.0,,2018.0,ecommerce
201,2018-11-07,sambandh,online micro lending platform,rourkela,base of pyramid asia (bopa) pte ltd,private equity,2500000.0,,2018.0,ecommerce
202,2018-12-07,19th mile,artificial intelligence-based sales acceleration software platform,gurgaon,"rishi vasudev, excelsior investments, ritesh vohra, praveer kumar, prashant gupta and others",seed/ angel funding,180000.0,,2018.0,technology
203,2018-12-07,5th vital,home diagnostics services provider,bangalore,brand capital and others,seed/ angel funding,500000.0,,2018.0,healthcare
204,NaT,mengage,a doctor-patient engagement platform,jaipur,"siddharth agarwal, mahavir sharma, amit singal, 100 co-founders lab and others.",seed/ angel funding,175000.0,,,healthcare
205,NaT,ofbusiness,online lending platform for sme,gurgaon,"creation investments, falcon edge, matrix partners india and zodius capital",private equity,29000000.0,,,fintech
206,NaT,cars24,online used car marketplace,gurgaon,"kingsway fci fund, kck global & others",private equity,49700000.0,,,ecommerce
207,NaT,the ken,subscription-only news website,bangalore,omidyar network & others,seed/ angel funding,1500000.0,,,ecommerce
208,NaT,book my show,online ticketing platform,mumbai,"tpg growth, the rise fund & others",private equity,100000000.0,,,ecommerce
209,NaT,housingman,property discovery platform,bangalore,,seed/ angel funding,1500000.0,,,ecommerce
210,NaT,paysense,online consumer lending platform,mumbai,payu & others,private equity,18000000.0,,,ecommerce
211,NaT,yulu bikes,bicycle-sharing platform,bangalore,,seed/ angel funding,,,,technology
212,NaT,vtion,media analytics,gurgaon,"angellist, rahul khanna, rajeev arora and ram ramsundar.",seed/ angel funding,280000.0,,,technology
213,NaT,log9 materials,nanotechnology company specializing in graphene,bangalore,"metaform ventures, hemant luthra, micro venture capital firm gems partners and others",seed/ angel funding,436000.0,,,technology
214,NaT,kidovators,skill learning platform,bangalore,gray matters,seed/ angel funding,180000.0,,,technology
215,NaT,digit,online insurance startup,pune,fairfax,private equity,45000000.0,,,ecommerce
216,NaT,black soil,non-banking financial company,mumbai,"allcargo logistics, navneet education and mahavir agency",private equity,17000000.0,,,fintech
217,NaT,trell,mobile-first video blogging app,bangalore,"beenext , weh ventures and sprout ventures",seed/ angel funding,1250000.0,,,ecommerce
218,NaT,iqlect,data analytics firm,bangalore,ventureast and exfinity,seed/ angel funding,2500000.0,,,technology
219,NaT,entropik,software-as-a-service platform,bangalore,"bharat innovation, idfc-parampara capital, arthavida ventures, jitendra gupta & others",seed/ angel funding,1100000.0,,,technology
220,NaT,bitla software,travel-focused tech startup,bangalore,makemytrip,private equity,,,,technology
221,NaT,thecapitalnet,unified global investments ecosystem,hyderabad,lindwall family investments llc (lfi),private equity,500000.0,,,fintech
222,NaT,shuttl,bus aggregation platform,gurgaon,amazon alexa fund & dentsu ventures,private equity,11000000.0,,,ecommerce
223,NaT,cure fit,health and fitness platform,bangalore,"idg ventures, accel partners, kalaari capital and others",private equity,120000000.0,,,ecommerce
224,NaT,five star group,non-bank lending platform for sme,chennai,"tpg, norwest venture partners, sequoia capital & matrix partners",private equity,100000000.0,,,fintech
225,NaT,healthsignz,health and well being platform,hyderabad,kantilal patel,seed/ angel funding,5000000.0,,,healthcare
226,2018-01-06,cointribe,credit-based lending marketplace for small and medium enterprises,gurgaon,"sabre partners, puneet dalmia & others",private equity,10000000.0,,2018.0,fintech
227,2018-04-06,digiconectt,sales analytics and enablement platform,bangalore,aspire logistics llc,seed/ angel funding,125000.0,,2018.0,technology
228,2018-04-06,kashmir box,"online marketplace for handicrafts, handlooms and local produce",srinagar,"bhairavi jani, alok divatia, namrata kaul, sohail hashemi, aijaz saleem",seed/ angel funding,,,2018.0,ecommerce
229,2018-05-06,crowdera,online crowdfunding platform,nagpur,"anil advani, pramod jain, amrendra reddy and manish satnaliwala.",seed/ angel funding,,,2018.0,fintech
230,2018-05-06,zoctr,online healthcare aggregator,mumbai,nb ventures and others,seed/ angel funding,,,2018.0,healthcare
231,2018-07-06,annapurna finance,non-banking financial company,bhubneswar,oman india joint investment fund (oijif),private equity,23000000.0,,2018.0,fintech
232,2018-07-06,meesho,online marketplace for resellers,bangalore,"sequoia capital india, saif partners, y combinator and venture highway",private equity,11500000.0,,2018.0,ecommerce
233,2018-10-06,ayefinance,online lending platform,gurgaon,"capitalg, saif partners and lgt impact ventures",private equity,21500000.0,,2018.0,fintech
234,2018-11-06,theranosis,specialised diagnostics platform,hyderabad,mumbai angels network,seed/ angel funding,,,2018.0,healthcare
235,2018-12-06,alpha capital,supplychain finance,mumbai,alpha capital,private equity,14800000.0,,2018.0,fintech
236,2018-12-06,eshakti,fashion e-tailer,chennai,paragon partners,private equity,10100000.0,,2018.0,ecommerce
237,2018-12-06,daily ninja,hyperlocal delivery platform,bangalore,saama capital and sequoia capital,seed/ angel funding,3000000.0,,2018.0,ecommerce
238,NaT,nirogstreet,an online platform that connects ayurveda doctors with patients,gurgaon,"spiral ventures, subho ray and samir kumar",seed/ angel funding,300000.0,,,healthcare
239,NaT,nivesh,mass market mutual fund investment platform,noida,"letsventure, rajan anandan, basab pradhan, vivek khare and bijoy george",seed/ angel funding,450000.0,,,fintech
240,NaT,whatxe2x80x99s up life,"a local discovery app for dining-out, party, leisure and events",gurgaon,rannvijay singha,seed/ angel funding,,,,ecommerce
241,NaT,homelane,online home furnishing solutions,bangalore,brand capital,seed/ angel funding,3450000.0,,,ecommerce
242,NaT,network intelligence,cybersecurity specialist,mumbai,helix investments,private equity,4800000.0,,,technology
243,NaT,tynor othontics,prosthetics manufacturers,chandigarh,lighthouse funds & thuasne participations,private equity,21000000.0,,,healthcare
244,NaT,elucidata,data analytics (saas),delhi  cambridge,hyperplane venture capital and several angel investors,seed/ angel funding,1700000.0,,,technology
245,NaT,chrysalis,education services provider,pune,menterra venture & artha initiatives,seed/ angel funding,,,,technology
246,NaT,rentsher,online rental marketplace,bangalore,"shorooq investments, letsventure & others",seed/ angel funding,1100000.0,,,ecommerce
247,NaT,drip capital,trade finance firm,mumbai,"accel partners, sequoia india, y combinator and others.",private equity,15000000.0,,,fintech
248,NaT,wickedride,online motorbike and scooter rental platforms,bangalore,"sequoia capital, accel partners & raghunandan gangappa",private equity,9100000.0,,,ecommerce
249,NaT,policybazaar,online insurance selling platform,gurgaon,softbank vision fund & info edge (india) ltd,private equity,200000000.0,,,ecommerce
250,NaT,hipbar,digital payment platform for beverage delivery,bangalore,diageo india,private equity,4000000.0,,,ecommerce
251,NaT,sqqrl,app-based investment platform,gurgaon,equanimity venture fund,seed/ angel funding,1000000.0,,,fintech
252,NaT,paytm,digital payment platform,noida,one 97 communications,private equity,8950000.0,,,technology
253,NaT,sigtuple,data driven intelligence solutions platform,bangalore,"accel partners, idg venture, endiya partners, pi ventures, vh capital, axilor ventures and binny bansal",private equity,19000000.0,,,healthcare
254,NaT,wow express,e-commerce logistics platform,mumbai,undisclosed existing investors as well as the tamarind family trust,private equity,4500000.0,,,technology
255,NaT,front desk ai,an ai platform offering automated customer service software,bangalore,speciale invest & others,seed/ angel funding,1100000.0,,,technology
256,NaT,edureka,online education platform,bangalore,leo capital,seed/ angel funding,2000000.0,,,technology
257,NaT,numeroseven,an artificial intelligence-based recruitment platform,kolkatta,shiva gunapu & others,seed/ angel funding,,,,technology
258,2018-02-05,opentap,online lending platform,chennai,unknown high net-worth individuals,seed / angel funding,450000.0,,2018.0,fintech
259,2018-02-05,bizongo,aggregator for packaging material,mumbai,"b capital, international finance corporation (ifc), accel partners and idg ventures",private equity,22000000.0,,2018.0,ecommerce
260,2018-03-05,disprz,saas,chennai,"il&fs private equity, kae capital & others",seed / angel funding,2500000.0,,2018.0,technology
261,2018-07-05,paisadukan,p2p lending platform,mumbai,,seed / angel funding,225000.0,,2018.0,ecommerce
262,2018-09-05,i3sysytems,ai product company for health and life insurane companies,mumbai,"unitus ventures, behram vakil and jerxis vandrevala",seed / angel funding,1000000.0,,2018.0,technology
263,2018-11-05,earth food,agri-tech,pune,rairah corporation,seed / angel funding,949000.0,,2018.0,ecommerce
264,NaT,nykaa,beauty e-tailer,mumbai,"sunil munjal, harsh mariwala, dalip pathak and others",private equity,24000000.0,,,ecommerce
265,NaT,mfine,doctor-consultation app,bangalore,"prime venture partners, stellaris venture partners and mayur abhaya srisrimal",private equity,4200000.0,,,healthcare
266,NaT,rocketium,online video creation platform,bangalore,blume ventures,seed/ angel funding,300000.0,,,technology
267,NaT,milkbasket,micro-delivery grocery startup,gurgaon,"kalaari capital, unilever ventures and blume ventures",private equity,7000000.0,,,technology
268,NaT,vola,micro lending platform,bangalore,credika and unnamed angel investors,seed/ angel funding,500000.0,,,fintech
269,NaT,cashkumar,p2p lending platform,bangalore,letsventure,seed/ angel funding,735000.0,,,ecommerce
270,NaT,edyoo,products for shoolgoing children,bangalore,rs shanbag,seed/ angel funding,735000.0,,,ecommerce
271,NaT,aashiyaan,housing finance for low-income families,kolkata,"insistor, oikocredit",seed/ angel funding,2000000.0,,,fintech
272,NaT,smartivity,designer of toys and learning projects for kids,delhi,"ashish kacholi, s chand group",seed/ angel funding,2000000.0,,,technology
273,NaT,bonphulapl,oxygen optimiser manufacturer,delhi,atul gupta and saurabh rastogi,seed/ angel funding,293000.0,,,technology
274,NaT,acko,online insurance platform,mumbai,"amazon, ashish dhawan, catamaran ventures, nr narayana murthy.",seed/ angel funding,12000000.0,,,ecommerce
275,NaT,hwell24,home healthcare aggregator,mumbai,"prashant mehta, mitali pawar, nikhil g and bhavesh p, r ranganathan, oncotrust and medintel services pvt. ltd",seed/ angel funding,200000.0,,,healthcare
276,NaT,toffee,online insurance platform,gurgaon,"kalaari capital, omidyar network and accion venture labs",seed/ angel funding,1500000.0,,,ecommerce
277,NaT,tonetag,mobile payments technology platform,bangalore,amazon inc. and mastercard,private equity,8000000.0,,,technology
278,NaT,events high,events and activities discovery platform,bangalore,treebo,private equity,,,,ecommerce
279,NaT,stellaps,iot application platform in agriculture,bangalore,"indusage partners, bill & melinda gates foundation, qualcomm venture, abb technology ventures, omnivore, blume ventures, venture highway and beenext",private equity,14000000.0,,,technology
280,NaT,credright,lending platform for smes,hyderabad,"accion venture lab, yournest venture capital and other angel investors",seed/ angel funding,1300000.0,,,ecommerce
281,2018-02-04,fitternity,online fitness discovey platform,mumbai,"exfinity venture, saha fund partners, arihant patni of patni family office, anjali bansal, shardul amarchand mangaldas, satish khanna and taparia family office.",private equity,2000000.0,,2018.0,ecommerce
282,2018-02-04,synctag,social media anlaytics platform,coimbatore,subhkam ventures and mohit khadaria,seed / angel funding,307600.0,,2018.0,technology
283,2018-02-04,benepik,enhanced employee engagement platform,gurgaon,"vishal bali, yogesh misra, thomas assessments and others",seed / angel funding,,,2018.0,technology
284,2018-02-04,finzy,online loan matchmaking platform,bangalore,,seed / angel funding,1300000.0,,2018.0,ecommerce
285,2018-04-04,varthana,loans and services to affordable private schools in india,bangalore,"chryscapital, existing investors, elevar equity, lgt impact, omidyar network and kaizen private equity also participated in the round",private equity,55000000.0,,2018.0,fintech
286,2018-05-04,indigolearn,online education platform,hyderabad,"maheshwar peri, founder and chairman of career information portal careers360, and jamshed jeejeebhoy, director at byramjee jeejeebhoy pvt. ltd were among the angels",seed / angel funding,150000.0,,2018.0,technology
287,2018-05-04,vedantu,interactive online tutoring platform,bangalore,"accel partners, tiger global and others",private equity,10000000.0,,2018.0,technology
288,2018-09-04,kaleidofin,digital financial services platform,chennai,omidyar network. blume ventures and professor shlomo ben-haim,seed / angel funding,2800000.0,,2018.0,other
289,2018-09-04,pipabella,fashion accessories etailer,mumbai,fireside ventures,seed / angel funding,1000000.0,,2018.0,ecommerce
290,2018-09-04,elemential,blockchain platform,mumbai,"matrix partner, amrish rau, investopad, digital currency group, hinduja group, lightspeed india, eight innovate, amit ranjan, prashant malik and others",seed / angel funding,,,2018.0,technology
291,2018-09-04,kriger campus,mobile-based education network,delhi,,seed / angel funding,46140.0,,2018.0,technology
292,2018-10-04,loanzen,digital lending platform in logistics,bangalore,kae capital management,seed / angel funding,,,2018.0,fintech
293,2018-10-04,traveltriangle,online travel marketplace,gurgaon,"fundamentum, saif partners, bessemer venture partners, rb investments & others",private equity,12000000.0,,2018.0,ecommerce
294,2018-12-04,letsmd,platform to discover healthcare financing options,delhi,"sri capital, waterbridge ventures and thinkuvate",seed / angel funding,1000000.0,,2018.0,healthcare
295,2018-12-04,ayefinance,online lending platform,gurgaon,"blueorchard finance ltd, hinduja leyland finance and intellegrow",debt funding,4600000.0,,2018.0,fintech
296,NaT,mintifi,online lending platform,mumbai,lok capital,seed / angel funding,2000000.0,,,fintech
297,NaT,icanstay,online platform for luxury hotel stay for business travelers,delhi,mr. manoj prasad,seed / angel funding,500000.0,,,ecommerce
298,NaT,pregbuddy,connected care app for pregnant women,bangalore,"rajan anandan, madhusudhan kannan, jayant kadambi, puneet gupta and pradeep k jaisingh",seed / angel funding,,,,healthcare
299,NaT,coverfox,online insurance aggregator,mumbai,"international finance corporation, transamerica and others.",private equity,22000000.0,,,ecommerce
300,NaT,lenskart,online eyewear retailer,faridabad,tr capital,private equity,,,,ecommerce
301,NaT,mamaearth,online baby care products,gurgaon,shilpa shetty kundra,private equity,,,,healthcare
302,NaT,fyle technologies,ai based expense management platform,bangalore,pravega ventures and beenext,seed / angel funding,1100000.0,,,technology
303,NaT,true balance,mobile balance checking app,gurgaon,"line ventures corporation, line corp, naver, shinhan bank and ts investment",private equity,23000000.0,,,technology
304,NaT,visit,ai driven health tech platform,delhi,"biz stone, kunal bahl, rohit bansal, alagu periyannan and karthee madasamy",private equity,,,,healthcare
305,NaT,doxper,digitized health-tech solutions for practitioners,mumbai,vidal healthcare,seed / angel funding,1900000.0,,,healthcare
306,NaT,nykaa,beauty e-tailer,mumbai,"sunil munjal, harsh mariwala, dalip pathak and others",private equity,11000000.0,,,ecommerce
307,NaT,mihuru,online platform providing micro loans for air travel,mumbai,,seed / angel funding,150000.0,,,fintech
308,NaT,capital float,online lending platform,bangalore,amazon,private equity,22000000.0,,,fintech
309,NaT,trip shelf,online travel marketplace,delhi,"gems advisory, alok mittal and sachin bhatia",seed / angel funding,246000.0,,,ecommerce
310,NaT,popxo,women focussed digital media platform,delhi,"neoplux, oppo, idg ventures india, kalaari capital, gree ventures and summit media",private equity,5500000.0,,,technology
311,NaT,railyatri,online travel ticketing platform,noida,"omidyar network, nandan nilekani, blume ventures, helion venture partners",private equity,,,,ecommerce
312,NaT,1mg,online pharmacy store,gurgaon,"sequoia capital, maverick capital ltd and hbm healthcare investments ltd",private equity,10000000.0,,,ecommerce
313,NaT,rubique,online lending marketplace,mumbai,"emery capital, blacksoil and kalaari capital",private equity,,,,ecommerce
314,NaT,samco,online stock broker,mumbai,bay capital investments and others,private equity,7500000.0,,,ecommerce
315,NaT,myloancare,b2c online loans marketplace,gurgaon,sar group,seed / angel funding,978000.0,,,fintech
316,2018-01-03,pharmeasy,online pharmacy store,mumbai,"bessemer venture partners and orios venture partners, jm financials and memg",private equity,,,2018.0,ecommerce
317,2018-01-03,buddy4studdy,online scholarship portal,noida,cba capital and others,private equity,3000000.0,,2018.0,ecommerce
318,2018-01-03,urban ladder,online furniture store,bangalore,"sequoia capital, saif partners and kalaari capital",private equity,12000000.0,,2018.0,ecommerce
319,2018-03-03,kuvera,online financial planning,bangalore,"baskar subramanian, saket kumar, gaurav suri and ankit kesarwani",seed / angel funding,250000.0,,2018.0,ecommerce
320,2018-04-03,gramophone,agri-tech,indore,infoedge,seed/angel funding,1000000.0,,2018.0,technology
321,2018-05-03,wellthy,therapeutics,mumbai,"ranjan pai, apoorva patni, beenext ventures,growx ventures",private equity,2100000.0,,2018.0,healthcare
322,2018-05-03,medgenome,"genetic screening, dna diagnostics labs & research centers",bangalore,"hdfc life, hdfc asset management",private equity,10000000.0,,2018.0,healthcare
323,2018-05-03,finova capital,online lending,jaipur,sequoia capital,private equity,6000000.0,,2018.0,ecommerce
324,2018-05-03,hotelogix,cloud based online hotel management software,noida,"vertex ventures, accel partners and saama capital",private equity,5000000.0,,2018.0,technology
325,2018-04-03,livehealth,health service aggregator platform,pune,nexus venture partners,seed / angel funding,1100000.0,,2018.0,ecommerce
326,2018-06-03,ad2pro,"creative design, brand, media and technology platform solutions",chennai,avendus finance pvt. ltd,debt funding,9700000.0,,2018.0,technology
327,2018-06-03,coverfox,online insurance aggregator,mumbai,aegon nv,private equity,7600000.0,,2018.0,ecommerce
328,2018-08-03,pepperfry,online furniture shopping store,mumbai,state street global advisors,private equity,38400000.0,,2018.0,ecommerce
329,2018-08-03,magicpin,hyperlocal discovery,gurgaon,trifecta capital,debt funding,1000000.0,,2018.0,ecommerce
330,2018-12-03,healthcare,healthcare aggregator,mumbai,hr fund,seed / angel funding,1000000.0,,2018.0,ecommerce
331,NaT,pinelabs,digital payment platform,mumbai,"actis, altimeter capital",private equity,82000000.0,,,technology
332,NaT,stumagz,online communication and collaboration platform for educational institutions,hyderabad,"venkat subramanian, sudhakar pennam, and other tech investors from silicon valley",seed / angel funding,,,,ecommerce
333,NaT,availfinance,online lending platform,bangalore,"matrix partners, bhavish aggarwal, ankit bhati, binny bansal, kunal shah and manish patel.",private equity,17200000.0,,,ecommerce
334,NaT,grofers,online grocery shop,gurgaon,"softbank, tiger global and apoletto managers.",private equity,62000000.0,,,ecommerce
335,NaT,fingerlix,ready to cook food solution,mumbai,alteria capital,debt funding,1310000.0,,,ecommerce
336,NaT,karma healthcare,technology enabled equitable healthcare for india,udaipur,"1crowd, ankur capital",seed / angel funding,500000.0,,,healthcare
337,NaT,zappfresh,online raw meat e-tailer,gurgaon,"amit burman, sidbi venture capital",seed / angel funding,3000000.0,,,food
338,NaT,customersucessbox,customer success software for b2b saas,gurgaon,"pi ventures, axilor ventures",seed / angel funding,1000000.0,,,technology
339,NaT,one labs,consumer technology and artificial intelligence based aggregator app,,micromax informatics ltd,private equity,,,,ecommerce
340,NaT,gigindia,micro jobs provider for students,pune,"jessica wong, hiro mashita, xue manzi and yiyun zhang.",seed / angel funding,,,,ecommerce
341,NaT,chargebee,subscription billing & recurring payments software,chennai,"insight venture partners, accel partners and tiger global management.",private equity,18000000.0,,,technology
342,NaT,i2i funding,online loan platform,noida,sucseed venture partners,seed / angel funding,768000.0,,,ecommerce
343,NaT,slang labs,voice-based assistant platform,bangalore,endiya partners,seed / angel funding,1240000.0,,,technology
344,NaT,urbanpiper,online ordering solution for restaurants and food chains,bangalore,"kumar vembu, axilor ventures",seed / angel funding,,,,technology
345,NaT,cash suvidha,online loan platform,delhi,"initia holdings,vipin agarwal and others.",seed / angel funding,1000000.0,,,ecommerce
346,NaT,roadcast,fleet management and asset monitoring platform,delhi,,private equity,250000.0,,,technology
347,NaT,smartcoin,micro lending company,bangalore,"accion venture lab, unicorn india ventures and isme ace.",seed / angel funding,2000000.0,,,fintech
348,NaT,the print,news portal,delhi,ratan tata,seed / angel funding,535000.0,,,media_entertainment
349,NaT,driveu,professional car drivers hiring app,bangalore,amit singhal and unitus seed fund,private equity,3000000.0,,,technology
350,NaT,fynd,o2o fashion ecommerce platform,mumbai,"google, kae capital, iifl, singularity ventures, growx, tracxn labs, venture catalyst, patni family office and axis capital.",seed / angel funding,,,,ecommerce
351,2018-01-02,bigbasket,online grocery & food store,bangalore,"alibaba, helion venture partners, bessemer venture partners, ascent capital",private equity,300000000.0,,2018.0,ecommerce
352,2018-01-02,zomato,food ordering and restaurant discovery,gurgaon,ant financials,private equity,200000000.0,,2018.0,food
353,2018-05-02,pratilipi,e-publishing,bangalore,omidyar network,private equity,4300000.0,,2018.0,other
354,2018-05-02,asia institute of medical science,super-specialty hospital,faridabad,cdc group plc,private equity,21000000.0,,2018.0,healthcare
355,2018-05-02,collegedekho,online platform for higher education services,gurgaon,"man capital llp, girnar software, others",private equity,2000000.0,,2018.0,ecommerce
356,2018-06-02,foodmemories,online food marketplace,ahemdabad,"bhavesh manglani, suraj saharan, darshan upadhyay, sanjay notani & others",seed funding,,,2018.0,ecommerce
357,2018-06-02,healthi,preventive health checkup,bangalore,montane ventures,private equity,3100000.0,,2018.0,healthcare
358,2018-07-02,swiggy,online food delivery,bangalore,naspers,private equity,100000000.0,,2018.0,food
359,2018-08-02,shape,"online portal for diet,fitness and beauty",pune,sandeep mathur,seed / angle funding,100000000.0,,2018.0,healthcare
360,2018-08-02,icertis,enterprise contract management platform,pune,meritech capital partners,private equity,50000000.0,,2018.0,ecommerce
361,2018-09-02,healthifyme,mobile weight loss coach,bangalore,sistema asia fund,private equity,12000000.0,,2018.0,healthcare
362,2018-09-02,medtel,virtual health clinics,bhubaneswar,british and indian governments,private equity,,,2018.0,healthcare
363,2018-09-02,rupeek,online gold loan,bangalore,"accel partners, sequoia capital",private equity,6830000.0,,2018.0,ecommerce
364,2018-09-02,webengage,marketing cloud for consumer businesses,mumbai,social capital,private equity,,,2018.0,technology
365,2018-12-02,lendingkart,online lending platform,bangalore,fullerton financial holdings pte ltd & others,private equity,87000000.0,,2018.0,fintech
366,2018-12-02,wydr,b2b marketplace,gurgaon,"bessemer venture partners, stellaris venture partners, axis capital, singapore, jungle venture partners",private equity,,,2018.0,ecommerce
367,2018-12-02,cashify,online selling,gurgaon,trifecta capital,debt funding,935089.0,,2018.0,ecommerce
368,NaT,holachef,online food delivery,mumbai,ashok kumar gajera,seed / angle funding,311200.0,,,food
369,NaT,awaaz de,mobile solutions for social impact,ahmedabad,tribe impact capital llp,seed / angle funding,,,,technology
370,NaT,imax program,individualised progressive learning program,bangalore,"michael & susan dell foundation, lgt impact ventures",private equity,13500000.0,,,technology
371,NaT,littlemore,online education platform,chennai,kalpavriksh,private equity,3000000.0,,,technology
372,NaT,toppr,online education platform,mumbai,axis capital partners,private equity,100000.0,,,technology
373,NaT,shirsa labs,integrated kids engagement company,mumbai,"dewang neralla, mahesh kothurkar,atul agarwal",private equity,500000.0,,,technology
374,NaT,moneyonmobile,mobile payment platform,mumbai,s7 group,private equity,5000000.0,,,technology
375,NaT,petsutra,online pet care products,gurgaon,michael patrick hickey,seed / angel funding,148434.0,,,ecommerce
376,NaT,infibeam,online retailing,ahemadabad,network 18,private equity,6230000.0,,,ecommerce
377,NaT,happay,expense management,bangalore,sequoia and jerry yang,seed / angel funding,250000.0,,,fintech
378,NaT,fincash,fin-tech,mumbai,"mohammed khan, sameer narayan & others",seed / angel funding,150000.0,,,fintech
379,NaT,ayefinance,online lending,gurgaon,"hinduja leyland finance, intellegrow",private equity,3800000.0,,,fintech
380,NaT,agricxlab,agri-tech,mumbai,ankur capital,seed / angel funding,500000.0,,,other
381,NaT,udaan,b2b marketplace,bangalore,lightspeed & yuri milner,private equity,50000000.0,,,ecommerce
382,NaT,capillary,saas,bangalore,"wargburg pincus, sequoia",private equity,20000000.0,,,technology
383,NaT,the healthy billions,analytics,gurgaon,"blume ventures, healthquad and fireside ventures",private equity,2100000.0,,,healthcare
384,NaT,highradius,cloud-based software,hyderabad,"pnc, citi ventures",private equity,,,,technology
385,NaT,avishkaar box,education,delhi,auxano deals,private equity,772500.0,,,technology
386,NaT,planys technologies,robotic inspectionstartup,chennai,"kris gopalakrishnan, pratithi investment trust, memg family office, s gopal",private equity,1040000.0,,,technology
387,NaT,lollypop,digital design,bangalore,dr devi shetty,seed / angel funding,,,,technology
388,NaT,trilyo,ai platform for hospitality industry,mumbai,"startup buddy,amit manocha and others",seed / angel funding,250000.0,,,technology
389,NaT,gaana,online music streaming,gurgaon,"tencent holdings ltd, times internet",private equity,115000000.0,,,technology
390,NaT,credy,saas,bangalore,"y combinator, khosla ventures, vy capital and others",seed / angel funding,1400000.0,,,technology
391,NaT,predible health,cancer radiology,bangalore,unitus seed fund,seed/angel funding,,,,healthcare
392,2018-02-01,clevertap,mobile app analytics,mumbai,"recruit holdings, sequoia capital india, accel partners",angel / seed funding,,,2018.0,technology
393,2018-04-01,earlysalary,online lending,pune,eight roads ventures india,private,15700000.0,,2018.0,fintech
394,2018-05-01,wotu,food and beverages,bangalore,"claris capital, mumbai angels network",angel / seed funding,,,2018.0,ecommerce
395,2018-08-01,daaki,sports nutrition supplement etailer,bangalore,rohan agila,angel / seed funding,,,2018.0,ecommerce
396,2018-09-01,lendingkart,online lending,ahmedabad,nederlandse financierings-maatschappij voor ontwikkelingslanden n.v.,debt funding,4700000.0,,2018.0,fintech
397,2018-09-01,kinsane entertainment inc,digital entertainment for children,mumbai,,seed/angel funding,2500000.0,,2018.0,media_entertainment
398,2018-10-01,tapzo,personal assistant,bangalore,runet & other,private equity,1930000.0,,2018.0,technology
399,2018-10-01,appario retail pvt ltd.,retail,delhi,amazon-patni jv,private equity,18840000.0,,2018.0,ecommerce
400,2018-10-01,samunnati,agricultural loan,chennai,"responsability, elevar equity and accel partners",private equity,23500000.0,,2018.0,fintech
401,2018-10-01,sahajanand medical technologies,medical devices,surat,morgan stanley private equity asia,private equity,36230000.0,,2018.0,technology
402,2018-12-01,kuants,algorithmic trading,gurgaon,"pankaj chopra, ankush gupta",angel / seed funding,80000.0,,2018.0,technology
403,2018-12-01,razorpay,payment gateway,bangalore,"tiger global, y combinator",private equity,20000000.0,,2018.0,technology
404,NaT,streak,algorithmic trading,bangalore,"indian fintech fund, rainmatter",angel / seed funding,354600.0,,,technology
405,NaT,pi ventures,venture capital,bangalore,"sunil kant munjal, hero electronix xe2 x80 x99s corporate financing arm, electronic development fund",private equity,25000000.0,,,fintech
406,NaT,newgen software,it,delhi,"goldman sachs, hedge fund & others",private equity,20000000.0,,,technology
407,NaT,rubix,education,pune,polaris fund,private equity,1000000.0,,,technology
408,NaT,sharechat,social,bangalore,"xiaomi singapore, shunwei capital",private equity,18200000.0,,,technology
409,NaT,paperflite,it,chennai,the chennai angels,angel / seed funding,400000.0,,,technology
410,NaT,hungerbox,food and beverages,bangalore,lionrock capital,private equity,2500000.0,,,ecommerce
411,NaT,skillate,artificial intellegence,bangalore,"incubate fund india, anuj agrawal",private equity,,,,technology
412,NaT,optacredit,alternative lending,chennai,dmi finance,private equity,4000000.0,,,fintech
413,NaT,aeon learning,education,bangalore,dr. ranjan pai,private equity,3200000.0,,,technology
414,NaT,milkbasket,online grocery,gurgaon,unilever ventures,private equity,3000000.0,,,ecommerce
415,NaT,neogrowth credit,digital lending,mumbai,"leapfrog investments, aspada investment, quona capital",private equity,47000000.0,,,fintech
416,NaT,rao iit academy,coaching services,mumbai,avendus finance,structured debt,8600000.0,,,edtech
417,NaT,aye finance,online lending,gurgaon,ifmr capital,term loan,6240000.0,,,fintech
418,NaT,glassic,eyewear,bangalore,"chennai angels, lead angels, letsventure",angel / seed funding,,,,ecommerce
419,NaT,greyatom,education,mumbai,pravega ventures,private equity,1000000.0,,,technology
420,NaT,axio,hemostatic dressing solutions,bangalore,rnt capital,private equity,7400000.0,,,healthcare
421,NaT,ekincare,technology,hyderabad,"ventureast, endiya partners, eight roads ventures, touchstone equities, bvr mohan reddy",private equity,1500000.0,,,healthcare
422,NaT,the wedding brigade,online services,mumbai,blume ventures,private equity,1000000.0,,,ecommerce
423,NaT,peesafe,hygiene,gurgaon,"shivani singh, rahul maroli, mitesh shah, venture catalysts, alfa capital, green shots capital, real time ventures.",private equity,1000000.0,,,healthcare
424,NaT,browserstack,browser testing,mumbai,accel partners,private equity,50000000.0,,,technology
425,NaT,scapic,virtual reality,bangalore,"axilor ventures, newfort capital",angel / seed funding,500000.0,,,technology
426,NaT,moneyonmobile,mobile payment platform,mumbai,undisclosed investors,private equity,7600000.0,,,technology
427,NaT,curefit,fitness,bangalore,"hdfc bank, axis bank",debt funding,10000000.0,,,healthcare
428,NaT,inurture,education solutions,bangalore,ventureast,private equity,4400000.0,,,technology
429,2017-01-12,strata enviro,iot based air pollution controller,mumbai,scale minds,private equity,,,2017.0,technology
430,2017-05-12,dunzo,daily task management mobile app,bangalore,google,private equity,12300000.0,,2017.0,technology
431,2017-05-12,tata housing,residential project,mumbai,hines,private equity,23000000.0,,2017.0,real_estate
432,2017-05-12,handytrain,mobile learning management platform,goa,nb ventures,private equity,1000000.0,,2017.0,technology
433,2017-05-12,mobycy,bicycle sharing platform,gurgaon,undisclosed investors,seed/angel funding,500000.0,,2017.0,technology
434,2017-06-12,greenlight planet,off-grid solar products platform,mumbai,"apis partner, eight roads ventures, bamboo capital partners",private equity,60000000.0,,2017.0,technology
435,2017-06-12,fintobox,child learning & development platform,chennai,lightbox,private equity,7000000.0,,2017.0,technology
436,2017-07-12,mswipe,mobile point of sale services provider,mumbai,eduardo saverin,private equity,10000000.0,,2017.0,technology
437,2017-07-12,the label life,home decor and online fashion portal,mumbai,kalpvriksh,private equity,3100000.0,,2017.0,ecommerce
438,2017-07-12,cygnus hospitals,super speciality hospitals,gurgaon,somerset indus capital ventures,seed/angel funding,750000.0,,2017.0,healthcare
439,2017-07-12,eshakti,women s fashion clothing online platform,chennai,idg ventures,debt funding,2300000.0,,2017.0,ecommerce
440,2017-08-12,inshorts,mobile news curation app,noida,tiger global,private equity,5000000.0,,2017.0,technology
441,2017-11-12,vahdam tea,online platform selling indian tea globally,delhi,"singapore angel network, mumbai angel",private equity,1500000.0,,2017.0,ecommerce
442,2017-11-12,logic roots,educational platform to learn mathematics,mumbai,village capital,seed/angel funding,50000.0,,2017.0,technology
443,2017-11-12,project mudra,assisting visually impaired to learn through braille,bangalore,village capital,seed/angel funding,50000.0,,2017.0,technology
444,2017-11-12,furlenco,furniture rental platform,bangalore,aamir khan,debt funding,1200000.0,,2017.0,technology
445,2017-12-12,i can stay,hotel aggregator platform,delhi,ht media,private equity,1800000.0,,2017.0,technology
446,2017-12-12,fracktal works,platform based on 3d printing and digital manufacturing,bangalore,hyderabad angels,seed/angel funding,,,2017.0,technology
447,2017-12-12,simility,adaptive fraud intelligence platform,hyderabad,accel partners,private equity,17500000.0,,2017.0,technology
448,2017-12-12,shopholix,fashion and lifestyle coupon platform,gurgaon,munesh khanna,seed/angel funding,233000.0,,2017.0,ecommerce
449,NaT,mindtickle,gamification platform to train sales people,pune,canaan partners,private equity,27000000.0,,,technology
450,NaT,nazara technologies,mobile games development firm,mumbai,rakesh jhunjhunwala,private equity,27000000.0,,,technology
451,NaT,docsapp,mobile application for doctor consultation,bangalore,bessemer venture partners,private equity,7200000.0,,,technology
452,NaT,capita world,artificial intelligence platform to raise funds,mumbai,"mohan tanksale, kiran shetty, darshak shah, mandar mhatre",private equity,,,,technology
453,NaT,tea box,fresh indian tea selling platform across 112 countries,bangalore,rb investments,private equity,7000000.0,,,ecommerce
454,NaT,transversal technologies,hyperlocal video information sharing platform,bangalore,matrix partners,private equity,6000000.0,,,technology
455,NaT,curofy,mobile app for network of doctors,gurgaon,roundglass partners llc,seed/angel funding,250000.0,,,technology
456,NaT,homelane,online furniture marketplace,bangalore,"accel partners, sequoia capital, rb investments",private equity,10000000.0,,,ecommerce
457,NaT,wedosky,provides business insights using drone imaginary,delhi,mumbai angels network,private equity,,,,technology
458,NaT,purplle,beauty products online marketplace,mumbai,"mountain pain capital, suncoast investments",seed/angel funding,537000.0,,,ecommerce
459,NaT,cash suvidha,online micro-lending platform,delhi,,debt funding,2700000.0,,,ecommerce
460,NaT,sky met weather,weather forecast platform,noida,insuresillience investment fund,private equity,,,,technology
461,NaT,springboard,online courses and mentoring from experts,bangalore,"costanoa, learn capital, jyoti bansal",private equity,9500000.0,,,technology
462,NaT,peel works,saas based big data analytics platform,mumbai,unilever ventures,private equity,,,,technology
463,NaT,9stacks,online poker platform,delhi,"swati gupta, purnima khandelwal, maheshwar peri, sanjay singh",private equity,1500000.0,,,technology
464,NaT,your quote,vernacular and video content platform,bangalore,"axilor ventures, e-city ventures atul goel",private equity,1000000.0,,,technology
465,NaT,spandana sphoorty,micro finance institution providing small ticket unsecured loans to women,hyderabad,"kedaraa capital, ontario teachers",private equity,19500000.0,,,fintech
466,NaT,indus os,regional operating system for smartphones,mumbai,omidyar network,private equity,4000000.0,,,technology
467,NaT,easyecom,ecommerce enabler platform,bangalore,"ambarish gupta, aneesh reddy, bold ventures, vona investments",seed/angel funding,150000.0,,,ecommerce
468,NaT,igp.com,online gifting platform,uttar pradesh,venture catalysts,private equity,,,,ecommerce
469,NaT,specsmakers,online spects platform for men and women,chennai,eight roads ventures india,private equity,10000000.0,,,ecommerce
470,NaT,garage on road,online vehicle service booking platform,noida,gaurav gupta,private equity,,,,ecommerce
471,NaT,foyr.com,realty tech startup solving real life interior designing problems,hyderabad,jones lang lasalle,private equity,3800000.0,,,technology
472,2017-02-11,prest loans,business & sme loans provider,delhi,"manish poddar, arun garg, parmeshwar sharma",seed funding,570000.0,,2017.0,fintech
473,2017-02-11,aadharapi.com,aadhaar-based api provider,pune,cio angel network,seed funding,,,2017.0,technology
474,2017-02-11,freshboxx,online grocery store,bangalore,jayant humbarwadi,seed funding,,,2017.0,ecommerce
475,2017-03-11,vagupu,online tutorial marketplace,bangalore,undisclosed investors,seed funding,1000000.0,,2017.0,technology
476,2017-03-11,halaplay,online fantasy games,mumbai,"kae capital management, nazara technologies",seed funding,,,2017.0,ecommerce
477,2017-03-11,kalpnik technologies,vr based spiritual platform,bangalore,venture catalysts,seed funding,500000.0,,2017.0,technology
478,2017-04-11,hevo data,real time data analytics & reporting,bangalore,idg ventures india,private equity,1000000.0,,2017.0,technology
479,2017-06-11,smart karma,financial technology research platform,bangalore,idg ventures india,private equity,,,2017.0,technology
480,2017-06-11,leverage edu,online platform for higher education services,delhi,"alok mittal, deepak jain, ritesh malik, jim schimdktke",seed funding,,,2017.0,ecommerce
481,2017-07-11,crayon data,customer engagement platform,delhi,infosys co-founder kris gopalakrishnan,seed funding,,,2017.0,technology
482,2017-07-11,doctalk,doctor patient communication platform,mumbai,"matrix partners india, khosla ventures",private equity,5000000.0,,2017.0,technology
483,2017-07-11,coveiot,wearable tech and internet of things platform,bangalore,"titan co ltd, tata group xe2 x80 x99s watch and jewellery retailing firm",private equity,5000000.0,,2017.0,technology
484,2017-08-11,talentedge,distance education learning platform,bangalore,lumis partners,private equity,7600000.0,,2017.0,technology
485,2017-08-11,fisdom,mutual fund investment app,bangalore,quona capital management,private equity,3000000.0,,2017.0,fintech
486,2017-08-11,farmlink,online platform for agricultural products,mumbai,"pioneering ventures, syngenta ag",private equity,3000000.0,,2017.0,ecommerce
487,2017-08-11,openapp,iot based tech startup,bangalore,"axilor ventures, kumar vembu",private equity,3600000.0,,2017.0,technology
488,2017-09-11,nopaperforms,enrolment management platform,delhi,info edge,seed funding,872000.0,,2017.0,technology
489,2017-09-11,tilite technologies pvt. ltd,saas based corporate travel management solution,bangalore,matrix partners,seed funding,,,2017.0,technology
490,2017-09-11,mobiliz ar,augmented reality based tech platform,bangalore,"idg ventures, idfc-parampara fund",private equity,,,2017.0,technology
491,2017-10-11,qubole,big data based analytics platform,bangalore,"singtel, innov8, harmony partners",private equity,25000000.0,,2017.0,technology
492,2017-10-11,happily unmarried,online gifting platform,nw delhi,wipro consumer care,private equity,,,2017.0,ecommerce
493,NaT,universal sportsbiz pvt. ltd,celebrity fashion accessories and merchandise,mumbai,accel partners,privateequity,15000000.0,,,ecommerce
494,NaT,hungry foal,healthy & nutrition based snacks online platform,gurgaon,gail india ltd,seed funding,,,,ecommerce
495,NaT,active ai,ai based fintech platform,bangalore,vertex ventures,private equity,8250000.0,,,technology
496,NaT,sumeru,banking software license platform,bangalore,undisclosed investors,seed funding,900000.0,,,technology
497,NaT,elderaid wellness,social healthcare enterprise,bangalore,rugmini menon,angel funding,,,,healthcare
498,NaT,omnia information,wifi analytics platform,delhi,omidyar network,private equity,3000000.0,,,technology
499,NaT,josh talks,storytelling platform,gurgaon,"girish mathrubootham, apurva chamaria, rohit chanana",private equity,,,,other
500,NaT,reniso,end-to-end property management for landlords living away,delhi,"nishit sharma, alok srivastava",seed funding,,,,technology
501,NaT,kanhaiya,storytelling platform,hyderabad,undisclosed investors,seed/angel funding,200000.0,,,other
502,NaT,perspectico,placement preparation and career growth training platform,delhi,"sscbs innovation, incubation foundation (siif)",seed/angel funding,,,,technology
503,NaT,onn bikes,self riding bike rental program,mumbai,z nation lab,seed/angel funding,692000.0,,,technology
504,NaT,rapido,bike and taxi pooling online platform,hyderabad,"skycatcher fund, aravind sanka",seed/angel funding,329230.0,,,technology
505,NaT,heckyl,big data analytics platform,mumbai,"notion capital, idg ventures",private equity,2700000.0,,,technology
506,NaT,nuvepro,managed cloud environment solutions,mumbai,1crowd,seed/angel funding,400000.0,,,technology
507,NaT,redbook,ai based pharmacy drugs insights platform,mumbai,"vida ventures, dr. aniruddha malpani",seed/angel funding,250000.0,,,technology
508,NaT,portea,healthcare facilities at doorstep,bangalore,"sabre partners, memg cdc",private equity,26000000.0,,,healthcare
509,NaT,credit mate,vehicle loan approval platform,mumbai,paytm,private equity,,,,technology
510,NaT,epiq capital,tech based investor firm,mumbai,global institutional investors,private equity,200000000.0,,,fintech
511,NaT,mistay,online hotel reservation platform,bangalore,axilor ventures,seed/angel funding,,,,technology
512,NaT,wittyfeed,viral content and storytelling platform,indore,sandeep aggarwal,seed/angel funding,,,,other
513,NaT,idg ventures,venture capitalist,bangalore,uniliver ventures,private equity,10000000.0,,,fintech
514,NaT,tempgo,iot and saas based transportation platform,goa,javelin startupo victory fund,seed/angel funding,250000.0,,,technology
515,NaT,edelweiss,diversified financial,mumbai,undisclosed investors,private equity,270000000.0,,,fintech
516,NaT,era,identity management platform,mumbai,amit patni,seed/angel funding,39000.0,,,technology
517,NaT,smaaash,virtual reality based gaming platform,mumbai,sixth sense ventures,private equity,3800000.0,,,technology
518,NaT,chumbak,designer-led consumer products,bangalore,gaja capital,private equity,13000000.0,,,other
519,NaT,fr8,online truck aggregator platform,chennai,ifmr capital,debt funding,1500000.0,,,technology
520,NaT,mobiefit,health and fitness based mobile app,goa,"nb ventures, mediassist",seed/angel funding,1350000.0,,,healthcare
521,NaT,stanza living,student accommodation platform,delhi,"matrix partners, accel",private equity,2000000.0,,,technology
522,2017-03-10,chqbook,home loans aggregation platform,gurgaon,"startup buddy, apurva chamaria,sachin arora, bharat gupta, amit manocha",seed funding,,,2017.0,ecommerce
523,2017-03-10,homecapital,home loan down payment assistance program,mumbai,venture catalysts,seed funding,,,2017.0,ecommerce
524,2017-03-10,ola cabs,app based cab hailing services,bangalore,"tencent, softbank group",private equity,110000000.0,,2017.0,ecommerce
525,2017-04-10,elanic,p2p platform for fashion sales,bangalore,digital garage,seed funding,,,2017.0,ecommerce
526,2017-04-10,collpoll,education collaboration platform,bangalore,sprout angels,seed funding,306000.0,,2017.0,ecommerce
527,2017-04-10,phonepe,digital wallet,bangalore,flipkart,private equity,38700000.0,,2017.0,ecommerce
528,2017-05-10,little black book,local recommendations and discoveries platform,delhi,"blume ventures, idg ventures & indian angel network",private equity,1000000.0,,2017.0,ecommerce
529,2017-05-10,oorjan,rooftop solar platform,mumbai,globevestor,seed funding,450000.0,,2017.0,technology
530,2017-05-10,zefo,ecommerce portal for used goods,bangalore,"sequoia india, helion venture partners, beenext",private equity,9200000.0,,2017.0,ecommerce
531,2017-06-10,yaantra,mobile repair and refurbishment platform,delhi,carpediem capital,private equity,3100000.0,,2017.0,ecommerce
532,2017-06-10,farm taaza,fresh produce scm company,bangalore,"epsilon venture partners, tara india fund iv and others",private equity,8000000.0,,2017.0,technology
533,2017-06-10,drivezy,self drive car and bike rental platform,bangalore,"das capital, axan partners, das capital and it farm",private equity,10000000.0,,2017.0,ecommerce
534,2017-06-10,slice pay,student micro-financing platform,bangalore,"das capital, simile ventures",private equity,2000000.0,,2017.0,ecommerce
535,2017-09-10,agrowave,agriculture supply chain management solutions,gurgaon,daffodil software,seed funding,,,2017.0,technology
536,2017-09-10,mygubbi,home interior designing seller,bangalore,"firoze irani, vipul parekh, ananda kallugadde, rajesh k murthy",private equity,2700000.0,,2017.0,ecommerce
537,2017-09-10,ibsfintech,treasury risk management solution,bangalore,shailesh haribhakti,seed funding,,,2017.0,technology
538,2017-09-10,letsservice,auto service logistics & saas platform,bangalore,aequs group,private equity,,,2017.0,ecommerce
539,2017-09-10,onestepup,education technology platform,delhi,orient blackswan,seed funding,336000.0,,2017.0,technology
540,2017-09-10,thirdwatch,ai-powered anti-fraud solutions,gurgaon,"rahul agarwalla, keshav sanghi, batlivala & karani securities",seed funding,,,2017.0,technology
541,2017-10-10,parallel dots,ai-powered deep learning solutions,gurgaon,"multipoint capital,",private equity,1400000.0,,2017.0,technology
542,2017-10-10,easy diner,online restaurant reservation platform,gurgaon,saama capital and dsg consumer partners,private equity,4500000.0,,2017.0,ecommerce
543,2017-11-10,meesho,online reseller network,bangalore,"saif partners, ycombinator, venture highway",private equity,3100000.0,,2017.0,ecommerce
544,2017-11-10,stanplus,medical transportation services,hyderabad,kstart capital,private equity,1100000.0,,2017.0,logistics
545,2017-12-10,uclid,"education network for institutions, teachers & students",hyderabad,undisclosed investors,seed funding,235000.0,,2017.0,technology
546,NaT,policy bazaar,online insurance policy aggregator,gurgaon,"wellington management, dg ventures india, true north",private equity,77000000.0,,,ecommerce
547,NaT,gapoon,home maintenance services platform,bangalore,"vida ventures, snehal mantri, anshu bahadur",seed funding,250000.0,,,ecommerce
548,NaT,chaayos,online chai ordering platform,gurgaon,tiger global management,private equity,2000000.0,,,ecommerce
549,NaT,krazybee,micro-lending platform,bangalore,"xiaomi technologies, shunwei capital",private equity,8000000.0,,,ecommerce
550,NaT,renew buy,online insurance aggregator,delhi,amicus capital,private equity,9200000.0,,,ecommerce
551,NaT,fingerlix,food ordering portal,bangalore,"accel partners, zephyr peacock",private equity,7000000.0,,,ecommerce
552,NaT,bank bazaar,online financial marketplace,chennai,experian,private equity,7000000.0,,,ecommerce
553,NaT,hasura,app building platform,chennai,"nexus, gree ventures",private equity,,,,technology
554,NaT,blackbuck,b2b logistics provider,bangalore,innoven capital,private equity,7700000.0,,,logistics
555,NaT,lenden club,online peer-to-peer lending platform,mumbai,undisclosed investor,seed funding,500000.0,,,ecommerce
556,NaT,toppr,mobile based learning app,mumbai,"saif partners, helion ventures, fil capital management",private equity,7000000.0,,,ecommerce
557,NaT,raw pressery,cold pressed juice maker,mumbai,"dsg consumer partners, sequoia capital, saama capital",private equity,6000000.0,,,food
558,NaT,cashe,app-only lending platform,mumbai,ifmr capital,debt funding,3100000.0,,,ecommerce
559,NaT,park easy,machine learning based parking discovery,kolkata,rockstart accelerator,seed funding,118000.0,,,ecommerce
560,NaT,tagbox,cold chain monitoring solution,bangalore,"indian angel network, ian fund",seed funding,,,,technology
561,NaT,fyre,herbal energy shot maker,mumbai,venture catalysts,seed funding,500000.0,,,food
562,NaT,ziploan,sme lending platform,delhi,"matrix partners india, waterbridge ventures, whiteboard capital, sarbvir singh",private equity,3000000.0,,,ecommerce
563,NaT,skillenza,online learning platform,bangalore,"blume ventures, indian angel network",seed funding,722000.0,,,ecommerce
564,NaT,chevon,frozen meat provider,mumbai,greenfield advisory,private equity,,,,food
565,NaT,propstory,real estate content portal,gurgaon,"abhishek bhatewara, vivek shah, haitong securities, suraj saharan, paras arora",seed funding,,,,ecommerce
566,NaT,spotdraft,contract automation,gurgaon,"hunch ventures, spiral ventures, 500 startups, singapore angel network, citrus payments",seed funding,550000.0,,,ecommerce
567,NaT,big basket,online grocery portal,bangalore,helion ventures partners,private equity,5000000.0,,,ecommerce
568,NaT,ofbusiness,b2b finance & fulfilment network,gurgaon,kotak mahindra bank,debt funding,3800000.0,,,technology
569,NaT,olly credit,credit payment mobile app,delhi,"incubate fund, sandesh kirkire, anand kumar, yogesh chaudhary",seed funding,,,,technology
570,NaT,cashfree,payments platform for marketplaces and fintechs,delhi,y combinator,seed funding,120000.0,,,technology
571,NaT,ola cabs,app based cab hailing services,bangalore,ani technologies pvt. ltd,private equity,7700000.0,,,ecommerce
572,NaT,goldfarm,agriculture technology,coimbatore,mahindra & mahindra and infuse ventures,private equity,2000000.0,,,food
573,NaT,netmeds,online pharmacy,chennai,tanncam investment & sistema asia fund,private equity,14000000.0,,,ecommerce
574,NaT,mse,equity stock exchange,mumbai,"il&fs, trust capital, rosy blue securities, radhakrishan damani and rakesh jhunjhunwala",private equity,32000000.0,,,fintech
575,2017-01-09,aahaa stores,online b2b store for office supplies,chennai,yournest angel fund,private equity,1000000.0,,2017.0,other
576,2017-01-09,mfine,online doctor discovery platform,bangalore,"stellaris venture partners, mayur abhaya, rohit ma",private equity,1500000.0,,2017.0,ecommerce
577,2017-01-09,canvera,online photography platform,mumbai,infoedge,private equity,1300000.0,,2017.0,ecommerce
578,2017-04-09,primaryio,application performance acceleration,pune,"accel partners, exfinity ventures, partech ventures",private equity,5600000.0,,2017.0,technology
579,2017-05-09,shubh loans,online lending platform,bangalore,"sri capital, beenext, pravega ventures",private equity,1500000.0,,2017.0,ecommerce
580,2017-05-09,nest education,edutech platform,gurgaon,"michael and susan dell foundation, anand mahindra",seed funding,600000.0,,2017.0,technology
581,2017-06-09,lending kart,online lending platform,ahmedabad,"bertelsmann india, mayfield capital, saama capital, darrin capital",private equity,10750000.0,,2017.0,ecommerce
582,2017-06-09,gofro,online travel booking platform,delhi,"his co. ltd, makemytrip",private equity,10000000.0,,2017.0,ecommerce
583,2017-06-09,oncostem,medical diagnostic solutions,bangalore,"sequoia capital india, artiman ventures",private equity,6000000.0,,2017.0,healthcare
584,2017-06-09,power2sme,buying club for small businesses,gurgaon,"international finance corporation (ifc), inventus capital partners, accel partners, kalaari capital, and nandan nilekani,",private equity,26000000.0,,2017.0,ecommerce
585,2017-07-09,credit vidya,online credit scoring platform,mumbai,matrix partners,private equity,5000000.0,,2017.0,ecommerce
586,2017-07-09,tails life,pet care portal & mobile app,bangalore,v balakrishnan.,private equity,,,2017.0,ecommerce
587,2017-07-09,oyo rooms,branded budget hotels marketplace,gurgaon,"softbank group, sequoia capital india, lightspeed venture partners, greenoaks capital, hero enterprise",private equity,250000000.0,,2017.0,ecommerce
588,2017-07-09,early salary,online unsecured lending platform,pune,ifmr capital,debt funding,780000.0,,2017.0,ecommerce
589,2017-07-09,mamaearth,online babycare products marketplace,gurgaon,fireside ventures,seed funding,,,2017.0,ecommerce
590,2017-07-09,seniority,ecommerce portal for senior citizens,pune,rpg enterprises,private equity,1000000.0,,2017.0,ecommerce
591,2017-08-09,aye finance,micro lending platform,delhi,"triodos investment management,",debt funding,6900000.0,,2017.0,ecommerce
592,2017-08-09,farmizen,agre-tech mobile app,bangalore,"venture highway, alok mittal, mohit agarwal, anuj gupta,",seed funding,,,2017.0,technology
593,2017-11-09,ecom express,logistics solutions provider,delhi,warburg pincus,private equity,30000000.0,,2017.0,logistics
594,2017-11-09,call health,healthcare services aggregator,hyderabad,"sachin tendulkar, p.v sindhu, pullela gopichand",private equity,6200000.0,,2017.0,ecommerce
595,2017-12-09,sattviko,health food etailer,delhi,"raman roy, arvind uppal, sonu bhasin, g ravishankar",seed funding,,,2017.0,ecommerce
596,2017-12-09,3hcare,healthcare services portal,delhi,undisclosed investor,seed funding,100000.0,,2017.0,ecommerce
597,2017-12-09,tonbo imaging,imaging technology for armed forces,bangalore,"wrv capital, qualcomm ventures, edelweiss private equity, artiman ventures",private equity,17000000.0,,2017.0,technology
598,2017-12-09,get my parking,smart parking enabler,delhi,"ian fund, beenext, indian angel network",private equity,3000000.0,,2017.0,ecommerce
599,NaT,wittyfeed,content marketing platform,indore,"anand chandrasekaran, apurva chamaria, ritesh malik, ashish toshniwal, ajeet khurana",seed funding,,,,technology
600,NaT,glowroad,women focussed customer-to-customer reseller network,bangalore,"accel partners,",private equity,2000000.0,,,ecommerce
601,NaT,oyo rooms,udget hotel marketplace,gurgaon,china lodging group,private equity,10000000.0,,,ecommerce
602,NaT,unacademy,online learning platform,mumbai,"sequoia capital india, saif partners, nexus venture partners and blume ventures,",private equity,11500000.0,,,ecommerce
603,NaT,heterogenous,telecom & iot platform,chennai,"chennai angels, keiretsu forum & others",seed funding,780000.0,,,technology
604,NaT,gurukul,co-working space provider,delhi,"rohit nanda, rajit nanda, smarak bhuyan, sashwat brahma,",seed funding,,,,ecommerce
605,NaT,smaaash,virtual reality gaming and entertainment platform,mumbai,ecl finance,private equity,44000000.0,,,technology
606,NaT,wheelstreet,bike rental platform,bangalore,y combinator,seed funding,120000.0,,,other
607,NaT,xprep,online tutoring platform,delhi,"rising stars, manish amin, pallav pandey, chavi jafa",private equity,,,,ecommerce
608,NaT,the moms co,pregnancy & baby care product etailer,gurgaon,"dsg consumer partners, saama capital",private equity,1000000.0,,,ecommerce
609,NaT,noticeboard,"mobile-first communication platform for on-field staff,",bangalore,"shamik sharma, aprameya radhakrishna",seed funding,,,,technology
610,NaT,high radius,integrated receivables software solutions,hyderabad,susquehanna growth equity llc,private equity,50000000.0,,,technology
611,NaT,hwell24 plus,technology-empowered healthcare solutions,mumbai,undisclosed investors,seed funding,,,,healthcare
612,NaT,savebc,financial services firm,gaya,incofin investment management.,private equity,6000000.0,,,fintech
613,NaT,gaming monk,e-sports platform,delhi,advantedge,private equity,,,,ecommerce
614,NaT,91springboard,co-working spaces,delhi,"sandway investment ltd, pearl brook holdings, silo holdings and al nour",private equity,,,,ecommerce
615,NaT,homergize,home furnishing & building material marketplace,bangalore,lg chandrasekhar,private equity,1000000.0,,,ecommerce
616,NaT,yatra.com,online travel agency,gurgaon,innoven capital india,debt funding,15400000.0,,,ecommerce
617,NaT,ace turtle,omni-channel web commerce solutions provider,bangalore,innoven capital,private equity,,,,technology
618,NaT,vogo,scooter rental platform,bangalore,av thomas group,seed funding,,,,ecommerce
619,NaT,synup,sme marketing management solution,bangalore,"vertex ventures, prime venture partners.",private equity,6000000.0,,,technology
620,NaT,tinmen,food delivery platform,hyderabad,zomato media pvt. ltd,private equity,,,,ecommerce
621,NaT,cropin,crop technology solutions,bangalore,beenext,private equity,,,,technology
622,NaT,rapido,bike aggregator mobile app,bangalore,battery road digital holdings llc,seed funding,422000.0,,,ecommerce
623,NaT,sportobuddy,sports & sport related equipment portal,mumbai,mehul shah,seed funding,150000.0,,,ecommerce
624,NaT,credifiable,online consumer lending platform,bangalore,kae capital,private equity,,,,ecommerce
625,NaT,inclov,matchmaking app for the differently abled,gurgaon,"rajan anandan, jamil khatri, ravi iyer, raghav bahl",seed funding,,,,ecommerce
626,NaT,multibhashi,language learning mobile app,bangalore,"aniruddha malpani, startup oasis",seed funding,,,,ecommerce
627,NaT,transerve,geospatial technology-based saas solutions,mumbai,"il&fs investment managers, omidyar network.",private equity,1600000.0,,,technology
628,NaT,fashalot,o2o fashion discovery platform,gurgaon,"capillary technologies, whiteboard capital, yournest angel fund, rajul garg",private equity,,,,ecommerce
629,NaT,pitstop,car repair and servicing platform,bangalore,"blume ventures, goldbell group, anurag srivastava, shailesh rao, amiya pathak, rajesh yohanan and rahul garg",private equity,1000000.0,,,ecommerce
630,NaT,gochoppers,luxury helicopter tourism services portal,gurgaon,"rivergate capital,",seed funding,,,,ecommerce
631,NaT,myupchar,local language health information portal,delhi,letsventure,seed funding,300000.0,,,ecommerce
632,NaT,aadyah,defense tech & aerospace startup,bangalore,keiretsu forum,private equity,1000000.0,,,technology
633,2017-01-08,touchkin,predictive care platform,bangalore,kae capital,private equity,1300000.0,,2017.0,technology
634,2017-02-08,ethinos,digital marketing agency,mumbai,triton investment advisors,private equity,,,2017.0,technology
635,2017-02-08,leverage edu,online platform for higher education services,delhi,"kashyap deorah, anand sankeshwar, deepak jain, sadashiva nt, arjun mehta, satish kaul, anindya ghose",seed funding,,,2017.0,ecommerce
636,2017-02-08,zepo,diy ecommerce platform,mumbai,"kunal shah, letsventure, anupam mittal, hetal sonpal",seed funding,500000.0,,2017.0,ecommerce
637,2017-02-08,click2clinic,healthcare service aggregator,hyderabad,"narottam thudi, shireesh palle",seed funding,850000.0,,2017.0,ecommerce
638,2017-03-08,speedbox,on-demand logistics service provider,mumbai,cismat cargo services pvt. ltd.,seed funding,300000.0,,2017.0,logistics
639,2017-03-08,skill connect,recruitment portal,jaipur,rajasthan angel investor network,seed funding,,,2017.0,ecommerce
640,2017-03-08,chai point,tea delivery portal & offline stores,bangalore,"dsg consumer partners, eight roads ventures india",private equity,,,2017.0,ecommerce
641,2017-03-08,zoctr,health products & services aggregator,mumbai,sidbi,private equity,,,2017.0,ecommerce
642,2017-04-08,lime tray,restaurant management solutions,delhi,jsw ventures,private equity,,,2017.0,technology
643,2017-04-08,coutloot,fashion resale marketplace,mumbai,"anuj puri, redcliffe capital, artha india ventures, siddharth kothari, apoorv ranjan sharma,",seed funding,,,2017.0,ecommerce
644,2017-04-08,box my space,warehouse aggregator,mumbai,"r. jayakumar, vaibhav vohra, aditya vazirani, rhea vazirani, avn business solutions, dreamweaver investments",seed funding,,,2017.0,logistics
645,2017-05-08,curatio,skincare speciality services,chennai,anicut capital,private equity,,,2017.0,healthcare
646,2017-08-08,new castle technologies,hospital management software,chennai,undisclosed investors,seed funding,243000.0,,2017.0,technology
647,2017-08-08,my forex eye,foreign exchange services,delhi,"rahul dev kumar, rajesh mahajan, ankit sharma and others",seed funding,220000.0,,2017.0,ecommerce
648,2017-09-08,truxapp,mobile based logistics service,delhi,"venugopal dhoot, ajay bhatia, tarun khandelwal, ganpat singhvi, mandhian family & others",seed funding,3100000.0,,2017.0,logistics
649,2017-09-08,crofarm,agriculture supply chain solutions,gurgaon,factor e ventures,seed funding,783000.0,,2017.0,technology
650,2017-09-08,doodhwala,online milk delivery,bangalore,tom varkey,seed funding,,,2017.0,ecommerce
651,2017-10-08,stayabode,co-living space aggregator,bangalore,"incubate fund, sanjay shenoy, mridul upreti,",private equity,,,2017.0,ecommerce
652,2017-11-08,flipkart,online marketplace,bangalore,softbank,private equity,2500000000.0,,2017.0,ecommerce
653,2017-11-08,moong labs,mobile games developer,delhi,nazara games,private equity,,,2017.0,technology
654,2017-11-08,ola cabs,app based cab aggregation service,gurgaon,tekne capital management,private equity,36000000.0,,2017.0,ecommerce
655,NaT,sports flashes,sports content mobile app,delhi,"bennett, coleman and company ltd (bccl),",private equity,,,,ecommerce
656,NaT,digilend,personal loans & emi solutions platform,mumbai,"incred finance, fullerton india credit company ltd",seed funding,312000.0,,,technology
657,NaT,knab finance,unsecured small business loans,bangalore,"incred, krishnakumar natarajan, ravi bhardwaj",seed funding,385000.0,,,ecommerce
658,NaT,get simpl,payment solution mobile app,mumbai,"green visor capital lp ii, ia venture strategies fund ii lp, boillot family trust, russell m byrne, the oliver r. grace, jr. millennium trust, sf capital investments lp",seed funding,,,,ecommerce
659,NaT,rootefy,building material online store,delhi,"abhinav gupta,",seed funding,187000.0,,,ecommerce
660,NaT,uniphore,speech recognition startup,chennai,idg ventures,private equity,6800000.0,,,technology
661,NaT,cerebroz,e-tech platform,vadodara,undisclosed hni xe2 x80 x99s,seed funding,734000.0,,,ecommerce
662,NaT,flochat,instant messaging platform,mumbai,"isquare global,",seed funding,,,,ecommerce
663,NaT,easygov,govt service application portal,noida,"social alpha, rajan anandan, rajeev ahuja, kshitij arora",seed funding,,,,ecommerce
664,NaT,milk basket,online grocery platform,gurgaon,blume ventures. lenovo capital and incubator group (lcig),seed funding,,,,ecommerce
665,NaT,dhruva,cloud data protection and management solutions,pune,"riverwood capital, sequoia capital india, nexus venture partners, tenaya capital",private equity,80000000.0,,,technology
666,NaT,bombay shaving company,men grooming product etailer,delhi,fireside ventures,private equity,2300000.0,,,ecommerce
667,NaT,awign,operations and manpower outsourcing,bangalore,"iit ropar, imanpreet singh arora, sidharth rozario, saurabh abichandani, shikhar gupta,",seed funding,,,,technology
668,NaT,indiez,software & mobile app development platform,bangalore,haresh chawla,seed funding,500000.0,,,technology
669,NaT,ezetap,mpos solutions provider,bangalore,"js capital management, social capital, horizons ventures,",private equity,16000000.0,,,technology
670,NaT,ink monk,online printing marketplace,chennai,"vamm ventures, raksul, dena",seed funding,750000.0,,,ecommerce
671,NaT,medinfi,online doctor discovery platform,bangalore,"pbs srinivas, vinod martin,",seed funding,125000.0,,,ecommerce
672,NaT,mobikon,restaurant & hotel crm platform,pune,"sistema asia fund, c31 ventures, qualgro.",private equity,7000000.0,,,technology
673,NaT,curefit,end to end health and wellness platform.,bangalore,"accel partners, idg ventures, kalaari capital, xc2 xa0 uc-rnt fund",private equity,25000000.0,,,ecommerce
674,NaT,doxper,healthtech iot platform,mumbai,"idal health, growx ventures, capier investments, globevestor & others",seed funding,750000.0,,,technology
675,NaT,fieldassist,saas based sales force automation services,gurgaon,small industries development bank of india (sidbi),debt funding,,,,technology
676,NaT,treebo,budget hotel aggregator platform,bangalore,"ward ferry management and karst peak capital,",private equity,34000000.0,,,ecommerce
677,NaT,medgenome,genomics research and diagnostics solutions,bangalore,"sequoia india, sofina s.a., zodius capital, kris gopalakrishnan, lakshmi narayanan,",private equity,30000000.0,,,technology
678,2017-01-07,billion loans,peer to peer lending platform,bangalore,reliance corporate advisory services ltd,seed funding,1000000.0,,2017.0,ecommerce
679,2017-03-07,ecolibriumenergy,energy management solutions provider,ahmedabad,"infuse ventures, jll",private equity,2600000.0,,2017.0,technology
680,2017-04-07,droom,online marketplace for automobiles,gurgaon,"asset management (asia) ltd, digital garage inc",private equity,20000000.0,,2017.0,ecommerce
681,2017-05-07,jumbotail,online marketplace for food and grocery,bangalore,"kalaari capital, nexus india capital advisors",private equity,8500000.0,,2017.0,ecommerce
682,2017-05-07,moglix,b2b marketplace for industrial products,noida,"international finance corporation, rocketship, accel partners, jungle ventures, shailesh rao, venture highway",private equity,12000000.0,,2017.0,ecommerce
683,2017-05-07,timesaverz,hyperlocal home services provider,mumbai,bccl,private equity,1000000.0,,2017.0,ecommerce
684,2017-06-07,minjar,cloud solutions provider,bangalore,"blume ventures, contrarian capital india partners, emergent ventures india, pallav nadhani, ashish gupta, sharad sharma, sirion labs",seed funding,,,2017.0,technology
685,2017-06-07,mycity4kids,parenting blog and kids xe2 x80 x99 events discovery platform,gurgaon,,seed funding,,,2017.0,ecommerce
686,2017-07-07,clip app,digital media video platform,bangalore,"india quotient, shunwei capital",seed funding,1000000.0,,2017.0,ecommerce
687,2017-07-07,upwardly.in,mf investment platform,bangalore,"sreeram iyer, suvo sarkar, anita gupta, likemind ventures",seed funding,,,2017.0,ecommerce
688,2017-10-07,autorox.co,workshop management software platform,hyderabad,mitsui & co.,private equity,3000000.0,,2017.0,technology
689,2017-11-07,fabogo,salon & spa aggregation & discovery platform,pune,dunamis ventures pte ltd,private equity,2250000.0,,2017.0,ecommerce
690,2017-11-07,flickstree,video content discovery platform,mumbai,"venture catalysts, sourav ganguly, ankit aditya, moksh sports ventures",seed funding,464000.0,,2017.0,ecommerce
691,2017-11-07,design cafe,online interior design platform,bangalore,"fireside ventures, apurva salarpuria, sidharth pansari, sprout capital",seed funding,,,2017.0,ecommerce
692,2017-12-07,innoviti,digital payments solutions,bangalore,"sbi-fmo fund, bessemer venture partners, catamaran ventures",private equity,18500000.0,,2017.0,technology
693,2017-12-07,vdeliver,door step delivery platform,hyderabad,"corvus ventures, mape advisory group",private equity,,,2017.0,logistics
694,2017-12-07,bottr.me,chatbot creation tool,bangalore,"500 startups, purvi capital, rajan anandan, abhishek gupta",seed funding,,,2017.0,technology
695,2017-12-07,arcatron,next gen mobility device manufacturer,pune,indian angel network,seed funding,,,2017.0,technology
696,NaT,qwikspec,construction site operations and analytics platform,bangalore,"brigade innovations llp, tv mohandas pai, suhail rahman, bobby reddy, m george oommen",seed funding,540000.0,,,technology
697,NaT,chumbak,designer consumer products marketplace,bangalore,blacksoil capital pvt. ltd,private equity,1700000.0,,,ecommerce
698,NaT,increff,sales solutions for fashion brands,bangalore,"sequoia capital, grey orange, rajesh ramaiah, anshuman das, rishi das",seed funding,2000000.0,,,technology
699,NaT,vayana,enterprise banking solutions,pune,"idg ventures india advisors, jungle ventures",private equity,4000000.0,,,technology
700,NaT,mobiquest,mobile services & solutions,noida,one97 communication ltd,private equity,,,,technology
701,NaT,ambee,ambulance aggregation services,hyderabad,"uber technologies inc, amaya capital llp",seed funding,,,,ecommerce
702,NaT,ideal insurance,online insurance platform,kolkata,xelpmoc,seed funding,,,,ecommerce
703,NaT,hypernova interactive,mobile games creator,bangalore,kae capital,seed funding,,,,technology
704,NaT,rentomojo,consumer leasing platform,bangalore,"ain capital ventures, renaud laplanche",private equity,10000000.0,,,ecommerce
705,NaT,aircto,ai powered recruitment platform,bangalore,francesco cara,seed funding,,,,ecommerce
706,NaT,playablo,gamified learning app,bangalore,abi-showatech (india) ltd,seed funding,600000.0,,,technology
707,NaT,trupay,online payments platform,gurgaon,"kae capital, m&s partners,",seed funding,700000.0,,,technology
708,NaT,brick2wall,online marketplace for construction material,gurgaon,"subramani somasundaram, sundeep sahni, mayank mittal & others",seed funding,200000.0,,,ecommerce
709,NaT,fablestreet,women work wear etailer,delhi,"harmeet bajaj, pameela p, fusiontech ventures & others",seed funding,,,,ecommerce
710,NaT,monsoon fintech,machine learning access platform,delhi,"sunil kalra, aditya singh, rishi srivastava, rajan anandan",seed funding,,,,technology
711,NaT,monkeybox,healthy food delivery platform,bangalore,"blume ventures, nb ventures, nspira",seed funding,,,,ecommerce
712,NaT,noticeboard,mobile-first enterprise communication platform,bangalore,"stellaris venture partners,",private equity,1200000.0,,,ecommerce
713,NaT,byjuxe2x80x99s,mobile learning app,bangalore,tencent holdings,private equity,35000000.0,,,ecommerce
714,NaT,creatorxe2x80x99s gurukul,co-working space provider,delhi,yuvraj singh,seed funding,,,,other
715,NaT,fab hotels,budget hotels brand & aggregator platform,delhi,goldman sachs,private equity,25000000.0,,,ecommerce
716,NaT,thinkerbell,assisted learning startup,bangalore,"indian angel network, anand mahindra",seed funding,200000.0,,,ecommerce
717,NaT,1mg,online pharmacy,gurgaon,"hbm healthcare investments, maverick capital ventures, sequoia india, omidyar network and kae capital",private equity,15000000.0,,,ecommerce
718,NaT,jhakaas,app-based aggregator of offline businesses,mumbai,amen dhyllon,seed funding,,,,ecommerce
719,NaT,bigstylist,beauty services marketplace,mumbai,info edge (india) ltd,private equity,1250000.0,,,ecommerce
720,NaT,gympik.com,online marketplace for discovering fitness centres,bangalore,roundglass partners,seed funding,,,,ecommerce
721,2017-01-06,tripeur,mobile based travel erp platform,bangalore,"grace grace techno ventures llp, rajul garg & other undisclosed investors",seed funding,,,2017.0,technology
722,2017-02-06,rentongo,"online marketplace for renting bikes, electronics & appliances",bangalore,tvs motor company,seed funding,234000.0,,2017.0,ecommerce
723,2017-05-06,goomo,online travel & holiday booking platform,mumbai,emerging india,private equity,50000000.0,,2017.0,ecommerce
724,2017-05-06,maxmywealth,online wealth management & savings platform,mumbai,"lockchain ecosystem global advisors, horseferry",private equity,,,2017.0,ecommerce
725,2017-06-06,spinny,online used car marketplace,gurgaon,"blume ventures, indian angel network, kunal shah, sandeep tandon",private equity,1000000.0,,2017.0,ecommerce
726,2017-06-06,healthbuds,healthcare discovery & booking platform,kolkata,"arun patodia, bharat kedia",seed funding,,,2017.0,ecommerce
727,2017-06-06,ftcash,mobile payments platform,mumbai,"500 startups, ivycap ventures",private equity,,,2017.0,ecommerce
728,2017-06-06,bhive workspace,co-working spaces,bangalore,blume ventures,private equity,1200000.0,,2017.0,ecommerce
729,2017-06-06,wayforward,mobile app for mental health,delhi,"harsh mahajan, farhan naqvi, sreepathy viswanathan",seed funding,1000000.0,,2017.0,ecommerce
730,2017-06-06,gyandhan,education marketplace,delhi,sundaram finance holdings,private equity,,,2017.0,ecommerce
731,2017-06-06,hungry foal,for profit social venture,gurgaon,sbi (stand up india scheme),private equity,,,2017.0,ecommerce
732,2017-07-06,ziploan,online lending platform,delhi,waterbridge ventures,seed funding,650000.0,,2017.0,ecommerce
733,2017-07-06,growfitter,health and fitness discovery platform,mumbai,sque capital,seed funding,600000.0,,2017.0,ecommerce
734,2017-08-06,stratfit,health coaching programs,hyderabad,bodhtree consulting limited,seed funding,232000.0,,2017.0,ecommerce
735,2017-08-06,multiplier solutions,crm software for healthcare space,hyderabad,norwest venture partners,private equity,1500000.0,,2017.0,technology
736,2017-08-06,abi health,unified digital health platform,bangalore,norwest venture partners,private equity,1500000.0,,2017.0,technology
737,2017-08-06,stockal,app-based investment advisory services,bangalore,"mohan alexander, r. natarajan, vikrant varshney, amit sinha",seed funding,350000.0,,2017.0,ecommerce
738,2017-09-06,guidoo,travel & adventure planning platform,mumbai,"pawan borle, nirmal singh, manish prasad, vineet varma, nick haulkoury, abhai s. rao",seed funding,300000.0,,2017.0,ecommerce
739,2017-09-06,esahai.in,ambulance aggregator and medical taxi provider,hyderabad,"dr ramesh ayyala, satya muthyala",seed funding,250000.0,,2017.0,ecommerce
740,2017-12-06,loanmeet,online peer-to-peer lending platform,bangalore,"cao yibin, huang wei, madhusudan e,",seed funding,,,2017.0,ecommerce
741,2017-12-06,lendingkart,online lending platform,ahmedabad,yes bank,debt funding,7800000.0,,2017.0,ecommerce
742,2017-12-06,boxx.ai,artificial intelligence,bangalore,"unicorn india ventures, venky krishnakumar, suresh shankar, vivek bhargava",private equity,500000.0,,2017.0,technology
743,2017-12-06,peesafe.in,hygiene care product manufacturer,delhi,"venture catalysts, alfa capital, green shots capital, real time ventures",private equity,1000000.0,,2017.0,healthcare
744,2017-12-06,vista rooms,online rooms aggregation platform,mumbai,"artha india ventures, singularity holdings, rajan anandan, girish mathrubootham",seed funding,776000.0,,2017.0,ecommerce
745,2017-12-06,coverfox,online insurance brokerage platform,mumbai,transamerica,private equity,15000000.0,,2017.0,ecommerce
746,NaT,hypertrack,location tracking solutions,delhi,"nexus venture partners, founders fund",private equity,,,,technology
747,NaT,goodera,csr and sustainability management platform,bangalore,"nexus venture partners, omidyar network",private equity,5500000.0,,,technology
748,NaT,digit,tech driven insurance platform,bangalore,fairfax holdings,private equity,,,,technology
749,NaT,ola,cab aggregation app,bangalore,tekne capital management llc,private equity,50000000.0,,,ecommerce
750,NaT,vanitycask,beauty products discovery platform,mumbai,rb investments,seed funding,,,,ecommerce
751,NaT,mrneeds,micro food delivery platform,noida,undisclosed investors,seed funding,500000.0,,,ecommerce
752,NaT,moneytap,money lending platform,bangalore,"sequoia india, nea, prime venture partners",private equity,12300000.0,,,ecommerce
753,NaT,goodbox,mobile saas xc2 xa0 ecommerce platform for smes,bangalore,"nexus venture partners, mekin maheshwari",private equity,1000000.0,,,ecommerce
754,NaT,fincash,personal finance platform,mumbai,"mohammed khan, sameer narayan & others",seed funding,100000.0,,,ecommerce
755,NaT,portdesk,maritime solutions,noida,alphard maritime group,seed funding,2000000.0,,,technology
756,NaT,edgefx,diy project kits seller,hyderabad,"cross border angels & experts, rajasthan angel innovators network, the chennai angels",seed funding,,,,ecommerce
757,NaT,eazydiner,online restaurant reservation platform,gurgaon,youwecan ventures,seed funding,,,,ecommerce
758,NaT,healthintel,online pharmacy,delhi,blip initiatives,seed funding,,,,healthcare
759,NaT,unbxd,cloud-based product discovery platform,bangalore,eight roads ventures,private equity,12500000.0,,,technology
760,NaT,darwinbox,enterprise human resources management platform,hyderabad,"lightspeed india partners, endiya partners, 3one4 capital advisors llp, startupxseed ventures llp",private equity,4000000.0,,,technology
761,NaT,forevershop,mobile based ecommerce platform,bangalore,91maker.com,seed funding,300000.0,,,ecommerce
762,NaT,insider.in,events ticketing platform,mumbai,paytm,private equity,5200000.0,,,ecommerce
763,NaT,fynd,fashion etailer,mumbai,"iifl seed ventures, kae capital, fj labs, singularity ventures, growx, tracxn labs, axis capital",private equity,2400000.0,,,ecommerce
764,NaT,grow fit,health-tech platform,bangalore,"manipal education and medical group (memg), sar group, the grover trust",private equity,4500000.0,,,ecommerce
765,NaT,fabulyst,artificial intelligence based platform,hyderabad,ibhubs,seed funding,215000.0,,,technology
766,NaT,mswipe,point-of-sale services,mumbai,"uc-rnt fund, matrix partners, alcon edge capital, dsg consumer partners",private equity,31000000.0,,,technology
767,NaT,oneassist,credit card fraud protection,mumbai,sequoia capital,private equity,,,,ecommerce
768,NaT,julia computing,open source language for data science and machine learning,bangalore,"general catalyst, founder collective",private equity,4600000.0,,,technology
769,NaT,kissht,consumer lending platform,mumbai,"endiya partners, ventureast",private equity,2000000.0,,,ecommerce
770,NaT,explore life traveling,local homes booking platform,bangalore,"mekin maheshwari, bharat vijay, krish seshadri, amar arsikere",seed funding,500000.0,,,ecommerce
771,NaT,loantap,lending platform for salaried professionals,mumbai,"kae capital, india quotient, ifmr, and mas financial services ltd",private equity,4000000.0,,,ecommerce
772,NaT,voxweb,mobile based social networking platform,mumbai,undisclosed investors,seed funding,1000000.0,,,ecommerce
773,NaT,hug innovations,gesture based xc2 xa0 smartwatch manufacturer,hyderabad,"mohit srivastav, kishore ganji, venkat vallabhaneni, rajeev menon",private equity,5000000.0,,,technology
774,NaT,flipkart,online marketplace,bangalore,naspers,private equity,71000000.0,,,ecommerce
775,NaT,v resorts,holiday & vacation resort aggregator,noida,"seedfund, rb international",private equity,4000000.0,,,ecommerce
776,NaT,stashfin,personal finance app,delhi,"snow leopard ventures, alto partners",private equity,5000000.0,,,ecommerce
777,NaT,formcept,unified data analysis platform,bangalore,gujarat venture finance ltd,private equity,,,,ecommerce
778,NaT,spares hub,automobile parts marketplace,pune,"the chennai angels, anthill scale ventures, esvee technologies inc, inc95 consulting",seed funding,311000.0,,,ecommerce
779,NaT,fitraq,fitness centre discovery platform,delhi,"aparup sengupta, devendra reddy,",seed funding,,,,ecommerce
780,NaT,rubique,online marketplace for financial products,mumbai,"kalaari capital, udayan goyal",private equity,3000000.0,,,ecommerce
781,NaT,niki.ai,ai based personal assistant,bangalore,"sap.io, unilazer ventures",private equity,2000000.0,,,ecommerce
782,NaT,fitpass,online fitness marketplace,delhi,"abhinav bindra, gaurav marya",private equity,1000000.0,,,ecommerce
783,NaT,zinghr,"digital employee solutions,",mumbai,zeta,private equity,,,,technology
784,NaT,tagos design,in-video discovery platform,bangalore,undisclosed investors,private equity,5000000.0,,,technology
785,NaT,urbanclap,mobile services marketplace,gurgaon,"vy capital, saif partners, accel partner, bessemer venture partners",private equity,21000000.0,,,ecommerce
786,2017-01-05,ace2three,online rummy playing website,hyderabad,clairvest group,private equity,73700000.0,,2017.0,ecommerce
787,2017-01-05,power2sme,buying portal for smes,gurgaon,international finance corporation,private equity,10000000.0,,2017.0,ecommerce
788,2017-02-05,innovapptive,enterprise mobility solutions,hyderabad,hyderabad angels,seed funding,1500000.0,,2017.0,technology
789,2017-02-05,4tigo,truck network company,bangalore,"accel partners, nandan nilekani,",private equity,10000000.0,,2017.0,logistics
790,2017-02-05,smecorner,online platform for small business loans,mumbai,dutch government fund,private equity,,,2017.0,ecommerce
791,2017-02-05,zippserve,real estate risk assessment platform,bangalore,undisclosed investors,seed funding,390000.0,,2017.0,ecommerce
792,2017-03-05,ola,cab aggregation app,bangalore,"falcon edge capital, xc2 xa0 capital advisers",private equity,104500000.0,,2017.0,ecommerce
793,2017-03-05,sumeru,software & mobile development services,bangalore,undisclosed investors,seed funding,1000000.0,,2017.0,technology
794,2017-04-05,healthians,online diagnostics and wellness platform,delhi,"asuka holdings, youwecan ventures, beenext, beenos, m&s partners",private equity,,,2017.0,ecommerce
795,2017-05-05,healthmir,ai-based health content platform,delhi,nimit panigrahi,seed funding,,,2017.0,ecommerce
796,2017-05-05,uactive,health-based social networking & discovery app,mumbai,hinduja family,seed funding,,,2017.0,ecommerce
797,2017-05-05,i-lend,peer-to-peer lending platform,hyderabad,50k ventures,seed funding,,,2017.0,ecommerce
798,2017-05-05,good methods global,cloud based practice management software,trivandrum,accel partners,private equity,,,2017.0,technology
799,2017-05-05,balance app,money savings & management app,bangalore,rainmatter,seed funding,233000.0,,2017.0,ecommerce
800,2017-08-05,yepme,private label fashion etailer,gurgaon,"rainbow digital services pvt. ltd, ilearnfinance academy pvt. ltd.",private equity,700000.0,,2017.0,ecommerce
801,2017-08-05,nightstay,last minute hotel booking mobile app,delhi,"indian angels network, letsventure",seed funding,,,2017.0,ecommerce
802,2017-08-05,devourin,restaurant automation solution,pune,deepak nathani,seed funding,,,2017.0,technology
803,2017-08-05,mygreens,cold-press juices manufacturer,delhi,"ajay relan, letsventure",seed funding,1000000.0,,2017.0,food
804,2017-08-05,ace turtle,omni-channel platform,bangalore,"vertex ventures, c31 ventures",private equity,5000000.0,,2017.0,technology
805,2017-08-05,curefit,health-tech platform,bangalore,"trifecta capital advisors llp, prathithi investment trust, rnt capital, gokul rajaram, aditya agarwal, ruchi sanghvi & others",private equity,3200000.0,,2017.0,technology
806,2017-09-05,curie labs,energy analytics startup,delhi,satoshi studios,seed funding,50000.0,,2017.0,technology
807,2017-09-05,uncanny vision,computer vision on embedded systems,bangalore,anand chandrasekaran,seed funding,,,2017.0,technology
808,2017-09-05,anchanto,ecommerce fulfilment and technology platform,pune,luxasia group,private equity,,,2017.0,technology
809,2017-09-05,sequretek,it security & data management services,mumbai,"gvfl, unicorn india ventures",private equity,,,2017.0,technology
810,2017-10-05,lucideus,cyber security startup,delhi,"vellayan subbiah, jonathan boutelle, rajan anandan, xc2 xa0 rahul chawla, salil donde, amit ranjan, govind rajan & others",seed funding,,,2017.0,technology
811,2017-10-05,vidooly,video intelligence platform,noida,"times internet, gvfl",private equity,1400000.0,,2017.0,ecommerce
812,2017-10-05,shopclues,online marketplace,gurgaon,innoven capital,private equity,7700000.0,,2017.0,ecommerce
813,2017-10-05,fourth ambit,community building platform,bangalore,1crowd,seed funding,600000.0,,2017.0,ecommerce
814,2017-10-05,chymera vr,advertising platform for virtual reality,bangalore,"varsha rao, surojit chatterjee, nirav choksi & others",seed funding,,,2017.0,technology
815,2017-11-05,early salary,online lending platform,pune,"dg ventures india, dewan housing finance corp",private equity,4000000.0,,2017.0,ecommerce
816,2017-11-05,book my diamond,diamond b2b etailer,mumbai,chirag nikunj sheth & others,seed funding,,,2017.0,ecommerce
817,2017-11-05,ion energy,clean tech startup,mumbai,"aakrit vaish, swapan rajdev, sushill jiwarajka",seed funding,,,2017.0,technology
818,2017-12-05,legal raasta,legal services to smes & individuals,delhi,impanix capital,private equity,5000000.0,,2017.0,ecommerce
819,2017-12-05,log 9 materials,nanotech product developer,bangalore,gems,seed funding,,,2017.0,technology
820,2017-12-05,remit guru,digital money transfer platform,mumbai,"infibeam, ccavenue",private equity,466000.0,,2017.0,ecommerce
821,2017-12-05,aequm,cloud ecommerce platform,bangalore,undisclosed investors,seed funding,1000000.0,,2017.0,ecommerce
822,NaT,zapty,project management tool,bangalore,ideaspring capital,seed funding,500000.0,,,technology
823,NaT,vernacular.ai,multi-lingual ai platform for businesses,bangalore,kstart capital,seed funding,,,,technology
824,NaT,niki.ai,ai-based chatbot,bangalore,sap,private equity,,,,technology
825,NaT,telr,online payment gateway,mumbai,innovations east,private equity,3000000.0,,,technology
826,NaT,fynd,fashion ecommerce portal,mumbai,rocketship,private equity,500000.0,,,ecommerce
827,NaT,genie,hyperlocal delivery and logistics mobile app,chennai,undisclosed investors,seed funding,250000.0,,,ecommerce
828,NaT,paysense,online lending platform,mumbai,jungle ventures,private equity,5300000.0,,,ecommerce
829,NaT,the good life,online luxury tea etailer,mumbai,"ayesha takia azmi, abu farhan azmi",seed funding,1000000.0,,,ecommerce
830,NaT,pumpkart,online water pumps etailer,chandigarh,dr. ritesh malik,seed funding,,,,ecommerce
831,NaT,paytm,mobile wallet & ecommerce platform,bangalore,softbank group,private equity,1400000000.0,,,ecommerce
832,NaT,ezcred,consumer lending platform,bangalore,"dheeraj pandey, rajesh yohannan, akash garg",seed funding,1000000.0,,,ecommerce
833,NaT,healthsutra,health food maker,hyderabad,"ankur capital, hyderabad angels",seed funding,,,,food
834,NaT,yepme,private fashion brand etailer,delhi,gokaldas exports ltd,private equity,,,,ecommerce
835,NaT,delhivery,ecommerce logistics provider,delhi,fosun international,private equity,30000000.0,,,logistics
836,NaT,zipgrid,"cashless, paperless solutions for housing societies",mumbai,"jll, 1crowd",seed funding,500000.0,,,ecommerce
837,NaT,travelspice,travel ecommerce portal,hyderabad,eagle10 ventures,seed funding,,,,ecommerce
838,NaT,magicpin,hyperlocal discovery platform,gurgaon,"lightspeed venture partners, vy capital,",private equity,6600000.0,,,ecommerce
839,NaT,the print,news portal,delhi,"ratan tata, nandan nilekani, uday kotak, vijay shekhar sharma, kiran mazumdar-shaw, rajiv c mody",seed funding,,,,ecommerce
840,NaT,box8,food delivery platform,mumbai,trifecta capital,private equity,1000000.0,,,ecommerce
841,NaT,gennext students,online tutoring services,mumbai,undisclosed investors,seed funding,580000.0,,,ecommerce
842,NaT,aye finance,non-banking financial company,gurgaon,blue orchard,private equity,8000000.0,,,fintech
843,NaT,whatsloan,online lending mobile app,bangalore,lahiri music xe2 x80 x99s family office,seed funding,,,,ecommerce
844,NaT,cube consumer services,finance management mobile app,mumbai,,seed funding,,,,ecommerce
845,NaT,nivesh,online mf investment platform,noida,"pv sahad, sandeep shroff, rahul gupta",seed funding,,,,ecommerce
846,NaT,wowflux,image processing solution,delhi,undisclosed investors,seed funding,,,,technology
847,NaT,collateral medical,online medical equipment supplier,mumbai,carpediem capital,private equity,3500000.0,,,ecommerce
848,NaT,loadshare,express logistics network,bangalore,matrix partners,seed funding,,,,logistics
849,NaT,simplilend,online lending platform,delhi,undisclosed investors,seed funding,,,,ecommerce
850,NaT,supr daily,subscription based delivery platform,mumbai,"soma capital, great oaks ventures, 122 west ventures",private equity,1500000.0,,,ecommerce
851,NaT,swiggy,online food delivery platform,bangalore,"nasper, accel india, saif partners, bessemer venture partners, harmony partners, norwest venture partners",private equity,80000000.0,,,ecommerce
852,NaT,sastasundar,online pharmacy,kolkata,rohto pharmaceutical,private equity,5000000.0,,,ecommerce
853,NaT,magicpin,hyperlocal discovery xc2 xa0 & rewards platform,gurgaon,"lightspeed india partners, waterbridge ventures",private equity,7000000.0,,,ecommerce
854,2017-01-04,cashe,online & mobile based lending platform,mumbai,"mathew cyriac, florintree advisors,",private equity,3800000.0,,2017.0,ecommerce
855,2017-03-04,eruditus,executive education provider,mumbai,bertelsmann india,private equity,8200000.0,,2017.0,edtech
856,2017-03-04,testbook,online test preparation platform,mumbai,matrix partners india,private equity,,,2017.0,ecommerce
857,2017-03-04,healthcare at home,home healthcare provider,noida,quadria capital advisors,private equity,40000000.0,,2017.0,healthcare
858,2017-03-04,tyre express,enterprise iot solutions for tyre performance,mumbai,rohitash gupta,seed funding,,,2017.0,technology
859,2017-03-04,smartcoin,micro lending platform,bangalore,unicorn india ventures & others,private equity,,,2017.0,ecommerce
860,2017-04-04,waycool,fresh-produce distribution platform,chennai,aspada investments,private equity,2700000.0,,2017.0,food
861,2017-04-04,perfios,fin-tech solutions,bangalore,bessemer venture partners,private equity,6100000.0,,2017.0,technology
862,2017-04-04,whatfix,interactive tech-support guides,bangalore,"stellaris venture partners, helion venture partners, powerhouse ventures, gokul rajaram, girish mathrubootham, aneesh reddy, vispi daver",private equity,3690000.0,,2017.0,technology
863,2017-04-04,elastirun,app based logistics & distribution platform,pune,"kalaari capital, norwest venture partners",private equity,7000000.0,,2017.0,technology
864,2017-04-04,trukky,online truck aggregator & booking platform,ahmedabad,"keyur joshi, pavan bakeri",seed funding,500000.0,,2017.0,ecommerce
865,2017-04-04,konsult app,app based doctor consulting platform,delhi,"koen bouwers, lomesh agarwal, jeroen mensen, pablo van den bosch & others",seed funding,500000.0,,2017.0,ecommerce
866,2017-05-04,credit sudhaar,credit score improvement platform,mumbai,"deepak kulkarni, sandeep pangal",seed funding,,,2017.0,ecommerce
867,2017-05-04,fingerlix,food delivery platform,mumbai,zephyr peacock india,private equity,3000000.0,,2017.0,ecommerce
868,2017-05-04,dataweave,business intelligence solutions,bangalore,"freakout group, blume ventures, herb madan, waterbridge ventures",private equity,,,2017.0,technology
869,2017-06-04,medwell ventures,home-based healthcare provider,bangalore,"mahindra partners, eight roads ventures, f-prime capital partners",private equity,21000000.0,,2017.0,healthcare
870,2017-06-04,mech mocha,mobile gaming startup,bangalore,"accel partners, shunwei capital",private equity,5000000.0,,2017.0,ecommerce
871,2017-07-04,startup buddy,startup support platform,gurgaon,"youwecan ventures,",seed funding,,,2017.0,ecommerce
872,2017-07-04,qorqi,online healthcare provider,noida,paytm,seed funding,,,2017.0,healthcare
873,2017-07-04,twenty two motors,smart scooter manufacturer,gurgaon,"ishwar singh,farhaan shabbir",seed funding,,,2017.0,technology
874,2017-07-04,pharmeasy,online pharmacy,mumbai,"bessemer venture partners, orios venture partners, trifecta capital,",private equity,18000000.0,,2017.0,ecommerce
875,2017-08-04,wonderchef,online marketplace for kitchen products,mumbai,labruyere eberl xc3 xa9,private equity,,,2017.0,ecommerce
876,2017-08-04,fastfox,online rental discovery platform,gurgaon,"lightspeed india partners, blume ventures, cyberagent ventures, growx ventures, imj investment partners",private equity,4600000.0,,2017.0,ecommerce
877,2017-10-04,omnify,saas platform for smes,bangalore,"rajan anandan, l.d sharma, saurabh arora",seed funding,150000.0,,2017.0,technology
878,2017-10-04,capital float,online lending platform for sme,bangalore,mahindra and mahindra financial services,private equity,2300000.0,,2017.0,ecommerce
879,2017-11-04,ninjacart,b2b agri-marketing platform,bangalore,"accel partners, nandan nilekani xe2 x80 x99s nrjn trust, mistletoe, qualcomm ventures, m&s partners",private equity,5500000.0,,2017.0,ecommerce
880,2017-11-04,mergerware,software solutions for m&as,bangalore,philippe bouchet,seed funding,100000.0,,2017.0,technology
881,2017-11-04,sports flashes,online sports portal & mobile app,delhi,"sushil kumar, sandeep singh",seed funding,,,2017.0,ecommerce
882,2017-12-04,clovia,online lingerie & sleepwear etailer,delhi,"ivycap ventures advisors, singularity ventures and ravi dhariwal",private equity,4000000.0,,2017.0,ecommerce
883,2017-12-04,emiza,third party logistics provider,mumbai,"mayfield, nishant rao, dileep nath",private equity,4500000.0,,2017.0,logistics
884,2017-12-04,hackerearth,online skill assessment platform,bangalore,"dhi group inc, prime venture partners, beenext, beenos, digital garage, bizreach",private equity,4500000.0,,2017.0,ecommerce
885,2017-12-04,squadrun,software-as-a-service platform,noida,"blume ventures, contrarian capital, 91springboard, emergent ventures, abstract ventures, anthill ventures, axilor ventures",private equity,2100000.0,,2017.0,technology
886,2017-12-04,tinmen,food delivery platform,hyderabad,"mape advisory group, r ramaraj, corvus ventures",seed funding,,,2017.0,ecommerce
887,2017-12-04,scoutmytrip,online travel planner,mumbai,z nation lab,seed funding,,,2017.0,ecommerce
888,NaT,safetykart,safety & hygiene products etailer,gurgaon,redcliffe capital,private equity,,,,ecommerce
889,NaT,weareholidays,travel packages & planner marketplace,gurgaon,"urrshila kerkar,",private equity,7700000.0,,,ecommerce
890,NaT,ola cabs,cab aggregator app,bangalore,simi pacific pte,private equity,260000000.0,,,ecommerce
891,NaT,myly,mobile app for schools,jaipur,mall industries development bank of india (sidbi),seed funding,310000.0,,,ecommerce
892,NaT,credihealth,online medical assistance platform,gurgaon,"tolaram inc, mountain pine capital",private equity,1500000.0,,,ecommerce
893,NaT,navia life care,health technology platform,delhi,benori ventures llp,seed funding,,,,technology
894,NaT,raw pressery,raw pressed juices manufacturer,mumbai,jacqueline fernandez,seed funding,,,,food
895,NaT,snackible,healthy snacks manufacturer,mumbai,"nibhrant shah, anandbir singh, anirudh sheth, pratik singhi, vikram mehta, murali nair",seed funding,175000.0,,,food
896,NaT,be u salons,online salon discovery & booking services,delhi,"gaurav kachru, sundeep singh sahni, jatin aneja, arun malhotra",seed funding,620000.0,,,ecommerce
897,NaT,simulanis,elearning & skills development plat,delhi,village capital,seed funding,,,,ecommerce
898,NaT,lendingkart,lending platform for small businesses,ahmedabad,anicut capital,private equity,4650000.0,,,ecommerce
899,NaT,innefu security consulting,cyber security solutions using ai,delhi,indianivesh venture capital fund,private equity,2000000.0,,,technology
900,NaT,whodat,markerless ar platform,bangalore,ideaspring capital,private equity,600000.0,,,technology
901,NaT,absentia vr,virtual reality startup,bangalore,exfinity venture partners,private equity,1250000.0,,,technology
902,NaT,iotrek,iot platform for bus,delhi,undisclosed investor,seed funding,155000.0,,,technology
903,NaT,holachef,online food delivery,mumbai,"sidbi venture capital ltd, kalaari capital",private equity,3000000.0,,,ecommerce
904,NaT,wooplr,social commerce xc2 xa0 fashion platform,bangalore,ankit nagori,private equity,,,,ecommerce
905,NaT,video ken,video based collaborative learning,bangalore,"ravi garikipati, surot chatterjee, ashish agrawal, lg chandrasekhar, sashi reddi",seed funding,1000000.0,,,ecommerce
906,NaT,faasos,qsr chain and online food delivery,pune,"ligthbox ventures ii, lightbox expansion fund, sequoia capital india, runet south asia, rb investments",private equity,6300000.0,,,food
907,NaT,oyo rooms,branded budget hotels aggregator,gurgaon,"softbank vision fund, lightspeed venture partners, sequoia capital india advisors, greenoaks capital partners",private equity,250000000.0,,,ecommerce
908,NaT,toppr,learning mobile app for students,mumbai,wgg international,private equity,3200000.0,,,ecommerce
909,NaT,niramai,breast cancer screening solutions,bangalore,"pi ventures, axilor ventures, 500 startups, binny bansal",seed funding,,,,healthcare
910,NaT,the office pass,coworking spaces booking platform,gurgaon,"arun tadanki, aditya verma",seed funding,245000.0,,,ecommerce
911,NaT,urbanclap,mobile services marketplace,gurgaon,trifecta capital,private equity,3100000.0,,,ecommerce
912,NaT,awfis,collaborative co-working spaces,mumbai,sequoia india,private equity,20000000.0,,,ecommerce
913,NaT,myra,online pharmacy,bangalore,"times internet,matrix partners",private equity,,,,ecommerce
914,NaT,flytxt,customer data analytics software,mumbai,dah beteiligungs gmbh,private equity,11000000.0,,,technology
915,NaT,howdy ventures,public and private events creation app,chennai,s. xavier britto,seed funding,1500000.0,,,ecommerce
916,NaT,stalkbuylove,online fashion marketplace,delhi,trifecta capital,private equity,1000000.0,,,ecommerce
917,NaT,zipgo,bus pooling services platform,bangalore,"orios ventures partners, team builder ventures, omidyar networks",private equity,,,,ecommerce
918,NaT,scootsy,on-demand food delivery,mumbai,"agnus capital, khattar holdings",private equity,3600000.0,,,ecommerce
919,NaT,autobix,software solutions for auto dealership,pune,gardx international,seed funding,,,,technology
920,NaT,eshiksha,education institution management solutions,jaipur,cross border angels & experts,seed funding,,,,technology
921,NaT,inurture,online educational courses,bangalore,blacksoil capital pvt. ltd,private equity,1500000.0,,,ecommerce
922,NaT,sepalika,healthcare related content platform,delhi,accel partners,seed funding,750000.0,,,ecommerce
923,NaT,mintwalk,financial advisory mobile app,mumbai,poshika financial ecosystem,seed funding,,,,ecommerce
924,NaT,qriyo,tutor discovery & booking platform,jaipur,nb ventures,private equity,,,,ecommerce
925,2017-01-03,ola,app based cab aggregator,bangalore,softbank group corp,private equity,330000000.0,,2017.0,ecommerce
926,2017-01-03,belong,online jon portal,bangalore,sequoia capital india,private equity,10000000.0,,2017.0,ecommerce
927,2017-01-03,seenit,ai based fashion search portal,kolkata,"calcutta angels network (can), augment ventures",seed funding,,,2017.0,ecommerce
928,2017-01-03,paalak,fresh produce selling portal,delhi,"vishwadeep bajaj, harsh kundra, nandkumar rane, ln buddharaju, anupam tyagi",seed funding,,,2017.0,ecommerce
929,2017-02-03,celes care,women healthcare & information portal,hyderabad,"ventureast, endiya partners, eight roads ventures, f-prime capital partners",private equity,1500000.0,,2017.0,ecommerce
930,2017-02-03,karomi,packaging artwork management software,chennai,ideaspring capital,seed funding,500000.0,,2017.0,technology
931,2017-02-03,red carpet,micro lending platform,gurgaon,lightspeed venture partners,private equity,2500000.0,,2017.0,ecommerce
932,2017-02-03,kreate konnect,end-to-end seller e-commerce solutions provider,vadodara,langoor,seed funding,,,2017.0,technology
933,2017-02-03,creditmantri,online credit score & lending platform,chennai,quona capital,private equity,7600000.0,,2017.0,ecommerce
934,2017-03-03,lets endorse,online ecosystem of social innovators,bangalore,"chandigarh angels network, social alpha and other unnamed angel investors",seed funding,,,2017.0,ecommerce
935,2017-03-03,tydy,employee onboarding and engagement platform,bangalore,"bhupen shah, jayesh parekh, sanjay sathe",seed funding,275000.0,,2017.0,technology
936,2017-03-03,nactus,professional tutors discovery & booking mobile app,jaipur,"sandeep aggarwal, gautam chhaochharia, r balachandar",seed funding,,,2017.0,ecommerce
937,2017-03-03,oho shop,ecommerce mobile app builder,ahmedabad,"bennett, coleman and company ltd",private equity,6700000.0,,2017.0,technology
938,2017-03-03,emojifi,mobile app for live emoji,hyderabad,undisclosed angel investors,seed funding,,,2017.0,ecommerce
939,2017-03-03,paytm marketplace,ecommerce marketplace,bangalore,alibaba,private equity,200000000.0,,2017.0,ecommerce
940,2017-04-03,igenetics,health diagnostic solutions,mumbai,cdc group plc,private equity,19500000.0,,2017.0,healthcare
941,2017-06-03,juno clinic,online counseling platform,mumbai,atul nishar,seed funding,1200000.0,,2017.0,ecommerce
942,2017-06-03,summerlabel,fashion and lifestyle discovery platform,gurgaon,"aneesh seth, tushar mittal",seed funding,150000.0,,2017.0,ecommerce
943,2017-06-03,pickme,gadget insurance & repair services platform,mumbai,sidbi venture capital fund,private equity,1790000.0,,2017.0,ecommerce
944,2017-07-03,agrostar,direct-to-farmer mobile-based retail platform,pune,accel partners,private equity,10000000.0,,2017.0,technology
945,2017-07-03,zapr,"dsp, tv analytics & cross-platform advertising",bangalore,star india pvt ltd,private equity,10000000.0,,2017.0,technology
946,2017-07-03,data resolve,cyber security solutions,noida,idfc parampara early stage opportunities fund,private equity,1000000.0,,2017.0,technology
947,2017-07-03,book servicing,online vehicle services booking platform,delhi,national science and technology entrepreneurship development board,seed funding,30000.0,,2017.0,ecommerce
948,2017-07-03,blowhorn,intra-city logistics provider,bangalore,"idg ventures india, michael & susan dell foundation, draper associates, unitus seed fund",private equity,3650000.0,,2017.0,ecommerce
949,2017-08-03,rivigo,technology enabled logistics company,gurgaon,private sector banks (debt funding),private equity,15000000.0,,2017.0,logistics
950,2017-08-03,pipecandy,intelligent sales prospecting platform,chennai,"idg ventures, axilor ventures, emergent ventures, indian angel network",seed funding,1100000.0,,2017.0,technology
951,2017-08-03,supr daily,subscription based home delivery platform,mumbai,y combinator,seed funding,120000.0,,2017.0,ecommerce
952,2017-08-03,parentune,online community for parents,gurgaon,"kae capital, segnel ventures",private equity,,,2017.0,ecommerce
953,2017-09-03,appbrowzer,instant mobile apps store,bangalore,deepak gurnani,seed funding,500000.0,,2017.0,ecommerce
954,2017-09-03,magicbricks,online real estate portal,mumbai,times internet ltd,private equity,4500000.0,,2017.0,ecommerce
955,2017-10-03,peebuddy,female hygiene product manufacturer,delhi,indian angel network,seed funding,443000.0,,2017.0,healthcare
956,2017-10-03,iorderfresh,online fresh fruits and grocery store,delhi,singapore angel network,seed funding,,,2017.0,ecommerce
957,2017-10-03,lavelle networks,sdn solutions,bangalore,ideaspring capital,seed funding,600000.0,,2017.0,technology
958,2017-10-03,propertyshare,fractional proerty ownership & rental platform,bangalore,"asuka, pravega ventures, beenext",seed funding,,,2017.0,ecommerce
959,NaT,mydermacy,online dermatology consultation platform,delhi,cyber carrier,private equity,,,,ecommerce
960,NaT,latestone,tech accessories e-tailer,hyderabad,"florintree, mathew cyriac, chidambaram palaniappan, bharat sheth",private equity,3350000.0,,,ecommerce
961,NaT,frapperz,on-demand home services provider,kolkata,undisclosed investor,seed funding,100000.0,,,ecommerce
962,NaT,mpaani,loyalty rewards app,mumbai,"idg ventures, blume ventures, saha fund,",private equity,1350000.0,,,ecommerce
963,NaT,shilpmis,virtual reality platform,surat,"puneet gupta, nimitt desai & others",seed funding,,,,technology
964,NaT,popxo,digital media publication for women,delhi,"gree ventures, kalaari capital and idg ventures india, summit media, atul goel, and gurpreet singh",private equity,3100000.0,,,ecommerce
965,NaT,fitso,fitness mobile app,gurgaon,"sujeet kumar, bhupender singh, yashish dhaiya",seed funding,200000.0,,,ecommerce
966,NaT,farmart,farming rental equipment provider,gurgaon,indian angel network,seed funding,,,,technology
967,NaT,flipkart,ecommerce marketplace,bangalore,"microsoft, ebay, tencent holdings",private equity,1400000000.0,,,ecommerce
968,NaT,airpay,online payment gateway,mumbai,"kalaari capital, rakesh and rajesh jhunjhunwala",private equity,3670000.0,,,technology
969,NaT,myglamm,on-demand beauty services,mumbai,l xe2 x80 x99occitane,private equity,5300000.0,,,ecommerce
970,NaT,the mons co.,pregnancy & baby care etailer,delhi,"shripad nadkarni, nandu nandkishore",seed funding,,,,ecommerce
971,NaT,haqdarshak,tech-enabled social enterprise,bangalore,"ravi saxena, sandeep raju,",seed funding,191000.0,,,ecommerce
972,NaT,ixigo,online travel search engine,gurgaon,"sequoia capital, kinzon capital",private equity,15000000.0,,,ecommerce
973,NaT,markets and markets,marketing research company,pune,"ftv capital, zodius capital",private equity,56000000.0,,,technology
974,NaT,bizom,supply chain automation platform,bangalore,ojas ventures,seed funding,382000.0,,,technology
975,NaT,babyonboard,parenting mobile app,bangalore,"mahavir sharma, vishal jain, rohit sethi, gaurav luniya",seed funding,,,,ecommerce
976,NaT,delhivery,tech enabled fulfilment & logistics solutions,delhi,"carlyle group, tiger global",private equity,100000000.0,,,technology
977,NaT,sport flashes,sports based online media portal,delhi,"vikas bajaj, amit kharbanda,",seed funding,,,,ecommerce
978,NaT,fynd,online fashion marketplace,mumbai,venture catalysts,private equity,500000.0,,,ecommerce
979,NaT,wigzo,enterprise automation suite,delhi,3one4 capital,private equity,,,,technology
980,NaT,donething,on-demand personal assistant service,gurgaon,brand capital,private equity,300000.0,,,ecommerce
981,NaT,zapyle,luxury fashion marketplace,bangalore,undisclosed investors,seed funding,,,,ecommerce
982,NaT,ithaka,vacation trip planning platform,mumbai,"ankit gupta, puneet motihar",seed funding,325000.0,,,ecommerce
983,NaT,perpule,self-checkout ecommerce app,bangalore,kstart capital,seed funding,650000.0,,,ecommerce
984,NaT,byjuxe2x80x99s,online education platform,bangalore,verlinvest,private equity,,,,ecommerce
985,NaT,licious,online meat ordering platform,bangalore,"mayfield india, 3one4 capital, sistema asia fund, neoplux technology fund",private equity,10000000.0,,,ecommerce
986,NaT,medinfi,doctor & hospital search platform,bangalore,"vinod martin, hemant kaul, prof. ram kumar kakani & others",seed funding,50000.0,,,ecommerce
987,NaT,indus os,mobile os creator,mumbai,"jsw ventures, ventureast",private equity,,,,technology
988,NaT,emflux motors,electric motorcycle manufacturer,bangalore,"meher roy, nikhil arora, meet kanodia, krit sankalp, nitish singh, risabh gupta",seed funding,,,,technology
989,NaT,klinic app,pathology & diagnostic tests portal,gurgaon,om chaudhry,seed funding,,,,ecommerce
990,NaT,jhakaas,offline business aggregator app,mumbai,"malini patel, stelcore management services, anjani prasad",seed funding,155000.0,,,ecommerce
991,NaT,oriano solar,turnkey solar solutions,mumbai,samridhi fund,private equity,3000000.0,,,technology
992,NaT,bigbasket,online grocer,bangalore,trifecta capital,private equity,7000000.0,,,ecommerce
993,NaT,rooter,sports engagement platform,delhi,intex technologies,private equity,,,,ecommerce
994,NaT,falconbrick,real-estate workflow mobile app,bangalore,"satveer thakral, letsventure, mumbai angels",seed funding,,,,technology
995,NaT,icertis,erp solutions provider,pune,"b capital group, ignition partners, greycroft, e.ventures, xc2 xa0 eight roads ventures",private equity,25000000.0,,,technology
996,2017-02-02,clodura,intelligent sales assistant,pune,undisclosed investors,seed funding,,,2017.0,technology
997,2017-03-02,stockroom.io,curated platform for developers,hyderabad,"satya d sinha, gyanendra singh",seed funding,,,2017.0,ecommerce
998,2017-06-02,capital float,online lending platform,bangalore,ifmr capital finance,private equity,2500000.0,,2017.0,ecommerce
999,2017-06-02,imanagemyhotel,hotel management solution,kolkata,jaarvis accelerator,seed funding,,,2017.0,technology
1000,2017-07-02,inner hour,online counselling platform,mumbai,"batlivala & karani securities, venture works",seed funding,450000.0,,2017.0,ecommerce
1001,2017-07-02,travel triangle,online travel agent marketplace,noida,"rb investments, saif partners, bessemer venture partners",private equity,10000000.0,,2017.0,ecommerce
1002,2017-08-02,wandertrails,"online travel, adventure & activities portal",bangalore,earlsfield capital,seed funding,1000000.0,,2017.0,ecommerce
1003,2017-08-02,zenatix,iot based energy monitoring & control,gurgaon,"pi ventures, blume ventures",private equity,1200000.0,,2017.0,technology
1004,2017-08-02,cartrade,automobile classifieds portal,mumbai,temasek holdings,private equity,55000000.0,,2017.0,ecommerce
1005,2017-08-02,mindyourfleet,car rental software solutions,noida,"japan vyas, tarun adlakha",seed funding,,,2017.0,technology
1006,2017-08-02,edurev,online education portal,gurgaon,facebook fb start programme,seed funding,40000.0,,2017.0,ecommerce
1007,2017-09-02,voonik,women apparel & lifestyle etailer,bangalore,"rb investments, sequoia capital",private equity,6000000.0,,2017.0,ecommerce
1008,2017-09-02,1crowd,startup crowd-funding platform,mumbai,ganesh natarajan,seed funding,,,2017.0,fintech
1009,2017-09-02,wooplr,women fashion portal,bangalore,"sistema asia fund, amereus group, helion ventures",private equity,8000000.0,,2017.0,ecommerce
1010,2017-10-02,48east,online food delivery platform,bangalore,al dhaheri family,private equity,500000.0,,2017.0,ecommerce
1011,2017-10-02,redesyn,tech enabler for artists,mumbai,thinqbate,seed funding,,,2017.0,ecommerce
1012,NaT,sigtuple,medical automation platform,bangalore,"accel partners, idg ventures, endiya partners, pi ventures, vh capital, axilor partners",private equity,5800000.0,,,technology
1013,NaT,flutura,decision sciences analytics solutions,bangalore,"vertex ventures, lumis partners",private equity,7500000.0,,,technology
1014,NaT,wassup,on demand laundry & dry cleaning services,chennai,anil jain & other hnis,private equity,3200000.0,,,ecommerce
1015,NaT,better mortgage,mortgage offering platform,gurgaon,"kleiner perkins, goldman sachs, pine brook",private equity,15000000.0,,,ecommerce
1016,NaT,nurturey,parenting mobile app,delhi,mohit joshi & others,seed funding,330000.0,,,ecommerce
1017,NaT,fyle,expense management solution,bangalore,pravega ventures,seed funding,400000.0,,,technology
1018,NaT,gobumpr,online bike & car services provider,chennai,"mahalingam k, girish mathrubootham",seed funding,300000.0,,,ecommerce
1019,NaT,ccavenue,online payment gateway,mumbai,infibeam,private equity,22400000.0,,,ecommerce
1020,NaT,connaizen,data analytics platform,delhi,vikram sud,seed funding,,,,technology
1021,NaT,innov8,co-working space platform,delhi,"vijay shekhar sharma, rajan anandan, kunal shah, girish mathrubootham, punit soni, anand chandrasekaran, sunil kalra, utsav somani, vishal gondal, vikram limaye",seed funding,,,,ecommerce
1022,NaT,zestmoney,online consumer lending platform,bangalore,"payu, ribbit capital, omidyar network",private equity,6500000.0,,,ecommerce
1023,NaT,airzaar,drone operations management platform,missourie,quake capital,seed funding,350000.0,,,technology
1024,NaT,truebil,online marketplace for used cars,mumbai,shunwei capital,private equity,3000000.0,,,ecommerce
1025,NaT,yourstory,online media,bangalore,"kalaari capital partners, qualcomm, 3one4 capital advisors, uc-rnt",private equity,3000000.0,,,ecommerce
1026,NaT,imaginate,ar & vr platform,hyderabad,sri capital,seed funding,500000.0,,,technology
1027,NaT,the ken,online media platform,bangalore,"aprameya radhakrishna, deepak natraj, girish mathrubootham, mahesh murthy, pallav nadhani, pavan ongole, sandeep mathur, vijay shekhar sharma & others",seed funding,400000.0,,,ecommerce
1028,NaT,urban ladder,online furniture store,bangalore,"kalaari capital, saif partners, steadview capital, sequoia capital",private equity,15200000.0,,,ecommerce
1029,NaT,aisle,online match-making app,bangalore,"konglo ventures, white unicorn ventures, letsventure",seed funding,,,,ecommerce
1030,NaT,townscript,diy event registration and ticketing portal,pune,bookmyshow,private equity,,,,ecommerce
1031,NaT,leopetra,solution provider for pet needs,mumbai,facebook fbstart,seed funding,40000.0,,,ecommerce
1032,NaT,blood n care,first aid care app,gurgaon,facebook fbstart,seed funding,40000.0,,,ecommerce
1033,NaT,flipkart,online marketplace,bangalore,"bennett, coleman and co. ltd (bccl)",private equity,38700000.0,,,ecommerce
1034,NaT,true balance,mobile balance checking app,gurgaon,"softbank ventures korea, imm investment",private equity,15000000.0,,,ecommerce
1035,NaT,vebbler,photo sharing for groups,bangalore,facebook fbstart,seed funding,40000.0,,,ecommerce
1036,NaT,get my parking,smart parking platform,delhi,"indian angel network (ian), beenext, the chennai angels, sunil munjal",private equity,1100000.0,,,ecommerce
1037,NaT,lets reap,b2b mobile app for pharmacies,mumbai,"kunal shah, sandeep tandon, nitin saluja, gagan goyal",seed funding,,,,ecommerce
1038,NaT,oglas,mobile advertising app,noida,"pankaj rungta, yogesh agarwal",seed funding,,,,ecommerce
1039,NaT,staydobe,co-living spaces aggregator,bangalore,ishan manaktala,seed funding,,,,ecommerce
1040,NaT,biryani by kilo,online food ordering & delivery portal,gurgaon,"chandigarh angels, ashish gupta, rohit, ashish chand, sunil singh & others",seed funding,375000.0,,,ecommerce
1041,NaT,johari shop,online jewellery etailer,bangalore,undisclosed investors,seed funding,94000.0,,,ecommerce
1042,NaT,neostencil,live online coaching classes,delhi,"brand capital, paragon trust",private equity,1000000.0,,,ecommerce
1043,NaT,blackbuck,online freight aggregator,bangalore,"sands capital, ifc, accel partners, flipkart, sanjiv rangrass",private equity,70000000.0,,,logistics
1044,2017-02-01,taxsutra,online tax filing platform,pune,"tv mohandas pai, v balakrishnan, pv srinivasan",seed funding,366000.0,,2017.0,ecommerce
1045,2017-03-01,tempogo,iot & saas solutions for transportation industry,panaji,k2 capital,seed funding,825000.0,,2017.0,technology
1046,2017-03-01,gofynd,fashion ecommerce portal,mumbai,"anand chandrasekaran, rajiv mehta, ramakant sharma",seed funding,,,2017.0,ecommerce
1047,2017-03-01,vow car clinic,online/app based car cleaning service provider,gurgaon,vishal malik,seed funding,,,2017.0,ecommerce
1048,2017-04-01,learntron,blended learning delivery app for schools & corporates,chennai,kae capital,seed funding,,,2017.0,technology
1049,2017-05-01,mobident,dentist appointments booking platform,bangalore,dangold investment corp,private equity,,,2017.0,ecommerce
1050,2017-05-01,yostra,healthcare technology solutions,bangalore,"marico innovation foundation (mif), villgro",private equity,,,2017.0,technology
1051,2017-06-01,leap india,supply chain solutions provider,mumbai,"india nivesh growth fund, sixth sense, tci ventures",private equity,13000000.0,,2017.0,logistics
1052,2017-07-01,freecharge,mobile wallet,mumbai,jasper infotech pvt ltd,private equity,57000000.0,,2017.0,ecommerce
1053,2017-09-01,ticketnew,movie ticket booking platform,chennai,alibaba pictures,private equity,35000000.0,,2017.0,ecommerce
1054,2017-10-01,intelligence node,saas based retail analytics solutions,mumbai,blacksoil capital pvt ltd,private equity,800000.0,,2017.0,technology
1055,2017-10-01,securens,e-surveillance services provider,mumbai,"mayfield india, trifecta capital",private equity,5000000.0,,2017.0,technology
1056,2017-10-01,loan frame,small business loans marketplace platform,gurgaon,"vedanta capital, william campbell, toos n daruvala",private equity,2250000.0,,2017.0,ecommerce
1057,2017-10-01,driveskool,online marketplace for driving schools,bangalore,aavya ventures,seed funding,,,2017.0,ecommerce
1058,2017-10-01,medinfi,doctor & clinic discovery portal,bangalore,"vinod martin, evan lim, kanchan ghoshal, ram kumar kakani",seed funding,100000.0,,2017.0,ecommerce
1059,2017-10-01,lenskart,online eyewear retailer,bangalore,ronnie screwvala,private equity,3500000.0,,2017.0,ecommerce
1060,2017-11-01,instaoffice,coworking spaces booking platform,gurgaon,"zishaan hayath, karan chellani, mohit satyan",seed funding,,,2017.0,ecommerce
1061,2017-12-01,hansel.io,real-time mobile app management platform,bangalore,"idg ventures, endiya partners",private equity,1350000.0,,2017.0,ecommerce
1062,2017-12-01,square yards,property search aggregator platform,gurgaon,"lohia group, andre hoffman",private equity,10000000.0,,2017.0,ecommerce
1063,NaT,roambee,iot smart logistics and asset management company,mumbai,deutsche telekom strategic investments & others,private equity,4100000.0,,,technology
1064,NaT,paisawapas,cashback & coupons platform,bangalore,vividhity ventures,seed funding,,,,ecommerce
1065,NaT,iservice,gadgets repair & service booking platform,bangalore,"blume ventures, girish mathrubootham, aprameya radhakrishna",seed funding,440000.0,,,ecommerce
1066,NaT,unacademy,online learning platform,bangalore,"nexus venture partners, blume ventures",private equity,4500000.0,,,ecommerce
1067,NaT,secururax,cloud-based solutions provider,bangalore,"axilor ventures, parampara early stage opportunities fund & others",private equity,,,,technology
1068,NaT,leadburg,personality development mobile app,bangalore,"harsh v. pant, ratheesh raveendran",seed funding,,,,ecommerce
1069,NaT,zolostays,branded pg accomodation booking platform,bangalore,"nexus venture partners, innoven capital",private equity,5000000.0,,,ecommerce
1070,NaT,oi media,saas based media marketing platform,delhi,quarizon,seed funding,,,,technology
1071,NaT,hipcouch,custom & modular furniture platform,mumbai,undisclosed investors,seed funding,700000.0,,,ecommerce
1072,NaT,curiositi,online learning platform,bangalore,"menterra social impact fund, unitus seed fund",private equity,800000.0,,,ecommerce
1073,NaT,tinystep,parenting info & social network,bangalore,flipkart,private equity,2000000.0,,,ecommerce
1074,NaT,practo,online healthcare platform,bangalore,"tencent, xc2 xa0 ru-net, rsi fund, thrive capital",private equity,55000000.0,,,ecommerce
1075,NaT,ketchupp,food discovery platform,delhi,india quotient and others,seed funding,441000.0,,,ecommerce
1076,NaT,hoopy,online car service platform,gwalior,undisclosed investors,seed funding,500000.0,,,ecommerce
1077,NaT,ezytruk,logistics and truck aggregator platform,bangalore,"ajith nair, anish k",seed funding,147000.0,,,ecommerce
1078,NaT,kratikal,cyber security solution provider,delhi,"amajit gupta, praveen dubey, j.p. bhatt",seed funding,,,,technology
1079,NaT,direct create,b2b marketplace for handicrafts,gurgaon,rajasthan venture capital fund,seed funding,,,,ecommerce
1080,NaT,vahdam teas,online tea etailer,delhi,"mumbai angels network, fireside ventures, singapore angel network",seed funding,650000.0,,,ecommerce
1081,NaT,qwikspec,cloud-based construction,bangalore,undisclosed investors,seed funding,300000.0,,,technology
1082,NaT,pparke,parking solutions mobile app,bangalore,sb ventures,seed funding,,,,ecommerce
1083,NaT,weddingz.in,online marketplace for wedding venues and vendors,mumbai,singularity ventures,private equity,1000000.0,,,ecommerce
1084,NaT,native special,indian sweets & snacks etailer,karur,"indian angel network, native angels network",seed funding,,,,ecommerce
1085,NaT,fitnapp,fitness mobile app,noida,sd group,private equity,,,,ecommerce
1086,NaT,ethosh,visual and interactive communications solutions,pune,deepak nathani,seed funding,,,,technology
1087,NaT,wydr,b2b wholesale marketplace in india,gurgaon,"bessemer venture partners, stellaris venture partners, jungle venture partners, axis capital",private equity,,,,ecommerce
1088,NaT,tyre express,iot platform for tyre performance management & tracking,mumbai,ivycamp ventures,seed funding,,,,technology
1089,NaT,connaizen,data analytics platform,delhi,umang moondra,seed funding,,,,technology
1090,NaT,messagif,social messaging platform,delhi,undisclosed investor,seed funding,50000.0,,,ecommerce
1091,NaT,smarthi,audit automation solutions,pune,singapore based investor,seed funding,,,,technology
1092,NaT,cron systems,border intrusion alert solutions,delhi,yournest fund ii,seed funding,,,,technology
1093,NaT,cuemath,maths learning program,delhi,"capitalg, sequoia india",private equity,15000000.0,,,technology
1094,NaT,chippersage,online learning platform,bangalore,india educational investment fund,seed funding,,,,technology
1095,NaT,selectjobs,online job portal,mumbai,india educational investment fund,seed funding,,,,ecommerce
1096,NaT,khel now,mobile-based social platform for sports,bangalore,indochine international,private equity,500000.0,,,ecommerce
1097,NaT,nowfloats,platform to take businesses online,hyderabad,"iron pillar and iifl, blume ventures, omidyar network",private equity,10000000.0,,,ecommerce
1098,NaT,lets transport,online transport vehicle booking platform,bangalore,"gmo japan, neelesh bhatnagar",private equity,4000000.0,,,ecommerce
1099,NaT,betaout,ecommerce marketing software,noida,east ventures & others,private equity,,,,technology
1100,NaT,wishberry,crowdfunding platform,mumbai,"sharad sharma, rajan anandan, xc2 xa0 amit ranjan, alok mittal & others",seed funding,,,,ecommerce
1101,NaT,rml agtech,agri decision support solution for farmers,pune,ivycap ventures,private equity,4000000.0,,,technology
1102,NaT,loyaltyprime,loyalty program management solutions,delhi,"senovo, unternehmertum venture capital, alexander bruehl",private equity,,,,technology
1103,NaT,instasafe,security-as-a-service solution provider,bangalore,abm knowledgeware,private equity,2200000.0,,,technology
1104,NaT,infibeam,ecommerce marketplace,ahmedabad,"bennett, coleman and company ltd",private equity,8800000.0,,,ecommerce
1105,2017-02-01,99games,mobile game developer studio,udupi,dream incubator,seed funding,,,2017.0,technology
1106,NaT,airmed labs,health tests booking platform & epharmacy,ahmedabad,brand capital,private equity,1400000.0,,,ecommerce
1107,NaT,99perhour,hyper-local handyman service provider,chennai,v aanand r,seed funding,300000.0,,,ecommerce
1108,NaT,kochi post,english online news portal,kochi,"rajesh yohannan, puthen & cole",seed funding,,,,ecommerce
1109,NaT,intuit things,iot solutions for home automation applications,mumbai,sanjay mehta & others ( the ten minute million),seed funding,106000.0,,,technology
1110,NaT,cloudrino,cloud based virtual servers,delhi,the ten minute million,seed funding,22500.0,,,technology
1111,NaT,fabx,used furniture marketplace,mumbai,the ten minute million,seed funding,68000.0,,,ecommerce
1112,NaT,maptags,smart online address tags,bangalore,the ten minute million,seed funding,18000.0,,,ecommerce
1113,NaT,yolo health,online healthcare platform,mumbai,chandigarh angels network (can),seed funding,,,,ecommerce
1114,NaT,heads up for tails,online pet products store,delhi,undisclosed investors,private equity,2000000.0,,,ecommerce
1115,NaT,register my marriage,online marriage registration services,delhi,mumbai angels,seed funding,,,,ecommerce
1116,2016-01-12,sidqam,healthcare software system,noida,"sque capital, grace capital ventures, soham vencaps",private equity,1200000.0,,2016.0,technology
1117,2016-01-12,india lends,online instant personal loan provider,delhi,"dsg consumer partners, american express ventures, cyber carrier vc, advantedge partners",private equity,4000000.0,,2016.0,ecommerce
1118,2016-01-12,slide app,lock screen rewards mobile app,delhi,songhyun investment,private equity,3600000.0,,2016.0,ecommerce
1119,2016-02-12,badiyajobs,entry-level job seekers platform,delhi,undisclosed,seed funding,100000.0,,2016.0,ecommerce
1120,2016-02-12,streo,live music streaming app,bangalore,"gems advisory, quarizon",seed funding,,,2016.0,ecommerce
1121,2016-02-12,tygr,transport and logistics mobile app,mumbai,franchise india,private equity,3000000.0,,2016.0,technology
1122,2016-05-12,mr hot foods,online food ordering & delivery portal,indore,ivycamp ventures,seed funding,,,2016.0,ecommerce
1123,2016-05-12,urdoorstep,online grocery store,bangalore,lakshmi vilas bank & undisclosed hnis,private equity,1400000.0,,2016.0,ecommerce
1124,2016-05-12,onn bikes,"on-demand, self-drive bike rental platform",mumbai,grace capital ventures,seed funding,,,2016.0,ecommerce
1125,2016-06-12,diro labs,mobile contacts management app,delhi,info edge (india),seed funding,147000.0,,2016.0,ecommerce
1126,2016-06-12,thb,clinical research and data analytics,gurgaon,"ajith sukumaran, currae healthtech fund",seed funding,,,2016.0,technology
1127,2016-07-12,lookatme,mobile app based fashion network,singapore,eros labs,seed funding,,,2016.0,ecommerce
1128,2016-07-12,netree,mobile-only retailers engagement solution,delhi,"the chennai angels, letsventure",seed funding,,,2016.0,ecommerce
1129,2016-07-12,bookeventz,"venue, events booking platform",mumbai,investors from mumbai angels & letsventure,seed funding,,,2016.0,ecommerce
1130,2016-07-12,tailslife,pet parenting mobile app,bangalore,"mohan kumar, v. balakrishnan",seed funding,,,2016.0,ecommerce
1131,2016-07-12,revv,self-driven car services booking portal,delhi,edelweiss private equity,private equity,9000000.0,,2016.0,ecommerce
1132,2016-07-12,wealthapp,online investment advisory platform,bangalore,"venk krishnan, mj aravind, vikram kotak, jayant davar, xc2 xa0 ramkumar nishtal, arjun sharmaa",seed funding,440000.0,,2016.0,ecommerce
1133,2016-07-12,vehico,connected transportation solutions,bangalore,"calcutta angel network, appliyifi",seed funding,,,2016.0,technology
1134,2016-08-12,zest money,online consumer lending platform,mumbai,payu,private equity,6500000.0,,2016.0,ecommerce
1135,2016-08-12,gomechanic,online car servicing booking platform,gurgaon,venture catalysts,seed funding,250000.0,,2016.0,ecommerce
1136,2016-09-12,stalk buy love,fashion apparel etailer,delhi,kalaari capital,private equity,6000000.0,,2016.0,ecommerce
1137,2016-09-12,nykaa,beauty products etailer,mumbai,max ventures and industries,private equity,,,2016.0,ecommerce
1138,2016-09-12,wittyparot,content management & productivity platform,bangalore,mumbai angels,seed funding,450000.0,,2016.0,technology
1139,2016-09-12,neuroequilibrium,health-tech platform,jaipur,unicorn india ventures,seed funding,250000.0,,2016.0,technology
1140,2016-12-12,xseed education,education & learning tech platform,bangalore,verlinvest sa,private equity,10000000.0,,2016.0,technology
1141,2016-12-12,rupaiya exchange,p2p lending platform,delhi,undisclosed investors,seed funding,200000.0,,2016.0,ecommerce
1142,2016-12-12,doctor insta,online doctor consulting platform,gurgaon,roundglass partners,private equity,2000000.0,,2016.0,ecommerce
1143,2016-12-12,urbanpiper,self-branded websites & apps for ecommerce,bangalore,"axilor, undisclosed investors",seed funding,,,2016.0,ecommerce
1144,2016-12-12,fresh food concepts,cold press juice manufacturer & seller,delhi,"siddhartha gupta, ashvin chadha",seed funding,2000000.0,,2016.0,food
1145,NaT,indifi,online lending platform,gurgaon,omidyar network,private equity,10000000.0,,,ecommerce
1146,NaT,gocomet,marketplace for international freight,mumbai,"india quotient, rajul garg, rajesh yabaji, chanakya hridaya, ramasubramaniam b, vishwanathan, nobel house, sunstone capital",seed funding,,,,logistics
1147,NaT,ofbusiness,online business-to-business (b2b) marketplace,gurgaon,"zodius technology opportunities fund, matrix partners",private equity,11100000.0,,,ecommerce
1148,NaT,fitmein,fitness discovery & booking platform,delhi,"finc, ghv",seed funding,,,,ecommerce
1149,NaT,qacco,hotel booking platform,gurgaon,"lead angels network, anbu pandian, prabhakar mr & others",seed funding,150000.0,,,ecommerce
1150,NaT,fitpass,fitness center aggregator & booking mobile app,delhi,mumbai angels,seed funding,1000000.0,,,ecommerce
1151,NaT,moengage,user analytics and engagement platform,bangalore,anand chandrasekaran,seed funding,,,,technology
1152,NaT,ten3t health,medical grade wearable patch maker,bangalore,"v. krishna prasad, bhupen shah & others",seed funding,,,,technology
1153,NaT,trading bells,online share & commodity broking platform,indore,swastika investmart ltd,seed funding,297000.0,,,ecommerce
1154,NaT,servxe2x80x99d,financial services for unorganized workforce,pune,digital financial service lab,seed funding,100000.0,,,ecommerce
1155,NaT,ideaforge,drone manufacturing,mumbai,"wrv capital and indusage partners, infosys innovation fund",private equity,10000000.0,,,technology
1156,NaT,amagi media labs,media technology solutions,mumbai,"emerald media, premji invest",private equity,35000000.0,,,technology
1157,NaT,pocket aces,digital entertainment company,mumbai,"sequoia capital india, north base media, aarin capital, 3one4 capital, axilor ventures, kunal shah, sandeep tandon",private equity,3000000.0,,,technology
1158,NaT,pi data centers,cloud data center solutions provider,hyderabad,epsilon venture partners,private equity,23000000.0,,,technology
1159,NaT,tripshelf,holiday packages provider,delhi,"gems advisory, quarizon",seed funding,123000.0,,,ecommerce
1160,NaT,events high,events & activities marketplace,bangalore,axilor ventures,private equity,,,,ecommerce
1161,NaT,nobroker,rental property search portal,bangalore,"ktb network, saif partners, beenext, digital garage",private equity,7400000.0,,,ecommerce
1162,NaT,vivocarat,online jewellery marketplace,mumbai,undisclosed investors,seed funding,50000.0,,,ecommerce
1163,NaT,tiyo,doctor search mobile app,kolkata,ajith nair,seed funding,,,,ecommerce
1164,NaT,zoomcar,self-driven cab booking platform,bangalore,cyber carrier cl,private equity,,,,ecommerce
1165,NaT,byjuxe2x80x99s,online learning platform,bangalore,international financial corporation,private equity,15000000.0,,,ecommerce
1166,NaT,supr daily,daily subscription based delivery service,mumbai,"dr. apoorv ranjan sharma, anil jain, anuj golecha, krishna jhunjhunwala, anirudh damani",seed funding,,,,ecommerce
1167,NaT,the bluebook,online to offline marketing platform,bangalore,"indian angel network, let xe2 x80 x99s venture",seed funding,500000.0,,,ecommerce
1168,NaT,mamaearth,babycare products seller,delhi,fireside ventures & others,seed funding,,,,ecommerce
1169,NaT,vegetall,online vegetable etailer,chennai,the chennai angels,seed funding,162000.0,,,ecommerce
1170,NaT,innoplexus,data as a service provider,pune,hcs venture capital fund,private equity,,,,technology
1171,NaT,mindler,career planning & assessment platform,delhi,taxmann,seed funding,324000.0,,,ecommerce
1172,NaT,mcaffeine,personal care product etailer,bangalore,"kaushal agarwal, harminder sahani, kk mehra, pranay jivrajka, navjot saini",seed funding,300000.0,,,ecommerce
1173,NaT,enkast,cloud based crm for agencies,bangalore,ivy league alumni angel network,private equity,2000000.0,,,technology
1174,NaT,shopkirana,b2b platform for merchants & retailers,indore,"incubate fund, lead angels group & others",private equity,,,,ecommerce
1175,NaT,myadvo,legal advice platform,delhi,"pradyumna dalmia, s. somasegar & others",seed funding,,,,ecommerce
1176,NaT,asocon,process management startup,noida,quarizon,seed funding,,,,technology
1177,NaT,lexcomply,compliance management software,delhi,ajay relan,seed funding,,,,ecommerce
1178,NaT,the postbox,art & lifestyle ecommerce store,chennai,"the chennai angels, ritesh mehta, aruna ganesh ram",seed funding,,,,ecommerce
1179,NaT,pandorum technologies,3d printed experimental human liver tissue creator,bangalore,"sachin bansal, binny bansal",seed funding,,,,technology
1180,NaT,dekkho,video streaming platform,mumbai,undisclosed investors,seed funding,1200000.0,,,ecommerce
1181,NaT,shadowfox,on-demand delivery service,gurgaon,eight roads ventures,private equity,10000000.0,,,logistics
1182,NaT,shopx,saas ecommerce retail app,bangalore,nandan nilekani,private equity,5000000.0,,,ecommerce
1183,NaT,bookeventz,online event-booking platform,mumbai,"lead angels, mumbai angels, letsventure, girish mathrubootham, anbu pandian",seed funding,,,,ecommerce
1184,NaT,healthifyme,fitness mobile app,bangalore,nb ventures,private equity,1000000.0,,,ecommerce
1185,NaT,letsmd,healthcare plan comparison platform,delhi,"waterbridge ventures,",seed funding,,,,ecommerce
1186,NaT,justbooks,library chain aggregator,bangalore,cocreate ventures,seed funding,,,,ecommerce
1187,NaT,instantpay,digital payments & recharge platform,delhi,"rb investments, xc2 xa0 kaleden holdings",private equity,,,,ecommerce
1188,2016-01-11,pickmylaundry,on-demand washing & dry cleaning services,delhi,"kedar lele, ghv accelerator",seed funding,200000.0,,2016.0,ecommerce
1189,2016-02-11,freshdesk,saas based helpdesk services,chennai,"sequoia capital india, accel partners",private equity,55000000.0,,2016.0,ecommerce
1190,2016-02-11,laundryanna,on-demand washing & dry cleaning services,bangalore,undisclosed investors,seed funding,150000.0,,2016.0,ecommerce
1191,2016-02-11,letsmd,healthcare services comparison platform,delhi,"calcutta angels network, letsventure, anupam mittal, currae healthtech fund",seed funding,,,2016.0,ecommerce
1192,2016-02-11,sattviko,health food restaurant chain,delhi,"raman roy, ashish gupta, yogesh andlay, vaibhav jain",seed funding,,,2016.0,food
1193,2016-03-11,zarget,saas-based web optimisation and marketing platform,chennai,sequoia india,private equity,6000000.0,,2016.0,technology
1194,2016-03-11,doselect,skill showcasing platform,bangalore,"3one4 capital, mumbai angels, aarin capital",seed funding,,,2016.0,ecommerce
1195,2016-03-11,easypolicy,online insurance portal,noida,"unilazer ventures,",private equity,10000000.0,,2016.0,ecommerce
1196,2016-04-11,browntape,cloud-based software solutions company,goa,gati ltd,private equity,,,2016.0,technology
1197,2016-04-11,connect india,last mile delivery network,bangalore,aavishkaar venture management,private equity,1000000.0,,2016.0,logistics
1198,2016-04-11,corseco,ai-based software as a service solution provider,delhi,"ameera shah, vivek bhargava",seed funding,150000.0,,2016.0,technology
1199,2016-04-11,vimmune,immunisation management platform,bangalore,undisclosed investor,seed funding,,,2016.0,ecommerce
1200,2016-04-11,the gourmet jar,gourmet food etailer,noida,chandigarh angels network,seed funding,,,2016.0,ecommerce
1201,2016-05-11,medzin,online ordering & delivery of medicines,delhi,a m sikander,seed funding,45000.0,,2016.0,ecommerce
1202,2016-05-11,bizongo,packaging material marketplace,mumbai,"idg ventures, accel partners",private equity,3000000.0,,2016.0,ecommerce
1203,2016-07-11,rivigo,technology based logistics platform,gurgaon,warburg pincus,private equity,75000000.0,,2016.0,technology
1204,2016-07-11,justride,online car sharing platform,mumbai,"justin kan, qasar younis, paul bucche, susa ventures, kima ventures, axan venture, scm holdings",private equity,3000000.0,,2016.0,ecommerce
1205,2016-09-11,iim jobs,online job portal,delhi,india quotient,private equity,2000000.0,,2016.0,ecommerce
1206,2016-09-11,square yards,online property search portal,gurgaon,adag reliance private equity,private equity,12000000.0,,2016.0,ecommerce
1207,2016-10-11,golflan,golf session online bookings platform,delhi,"yournest angel fund, ison",private equity,1000000.0,,2016.0,ecommerce
1208,2016-10-11,yottaasys,data sciences platform,bangalore,gleevoaz ventures,private equity,,,2016.0,technology
1209,2016-10-11,tone tag,contactless payment solution,bangalore,"arun seth, t.v. mohandas pai, anand chandrasekaran, deepak ghaisas",private equity,,,2016.0,technology
1210,2016-11-11,life in control,online diabetes management platform,gurgaon,roundglass partners,private equity,,,2016.0,ecommerce
1211,NaT,active.ai,banking & fintech platform,singapore,"kalaari capital, idg ventures india",private equity,3000000.0,,,technology
1212,NaT,elasticrun,tech driven logistic & distribution platform,pune,"kalaari capital, norwest venture partners",private equity,2000000.0,,,technology
1213,NaT,nobroker,online rental discovery,bangalore,vijay shekhar sharma,seed funding,,,,ecommerce
1214,NaT,zefo,used furniture & appliances marketplace,bangalore,"sequoia india, beenext, helion ventures",private equity,6000000.0,,,ecommerce
1215,NaT,playsimple,mobile gaming portal,bangalore,"saif partners, idg ventures india",private equity,4000000.0,,,technology
1216,NaT,stasis labs,cloud based xc2 xa0 health monitoring platform,bangalore,"rtp-hc, wonder ventures, techstars ventures & others",private equity,5000000.0,,,technology
1217,NaT,scienaptic,data analytics platform,bangalore,pramod bhasin,seed funding,,,,technology
1218,NaT,koovs,fashion etailer,delhi,times of india group & existing investors,private equity,13500000.0,,,ecommerce
1219,NaT,lawrato,free legal advice,delhi,indian angel network,seed funding,,,,ecommerce
1220,NaT,trip tap toe,online travel portal,gurgaon,r.s sharma,seed funding,,,,ecommerce
1221,NaT,pictor imaging,product photography mobile app,mumbai,quarizon,seed funding,147000.0,,,ecommerce
1222,NaT,gramcover,insurance marketplace for the rural sector,delhi,omnivore capital,seed funding,1000000.0,,,fintech
1223,NaT,aermed,online pharmacy,mumbai,hitesh windlass,seed funding,,,,ecommerce
1224,NaT,workindia,job board for clue collar jobs,mumbai,asuka holdings,seed funding,,,,ecommerce
1225,NaT,bats on delivery,"online food, grocery ordering & delivery",gurgaon,devdeep singh,seed funding,90000.0,,,ecommerce
1226,NaT,numberz.in,cash flow management solution for businesses,gurgaon,"kae capital, khosla impact",seed funding,650000.0,,,technology
1227,NaT,housing.com,real estate portal,mumbai,softbank group,private equity,5000000.0,,,ecommerce
1228,NaT,awesummly,short news mobile app,bangalore,"vivek bhargava, ameera shah",seed funding,147000.0,,,ecommerce
1229,NaT,volt,ed-tech platform,mumbai,yms mobitech,seed funding,,,,ecommerce
1230,NaT,vymo,saas-based predictive analytics platform,bangalore,sequoia india,private equity,5000000.0,,,technology
1231,NaT,shubhloans,consumer finance & credit score platform,bangalore,"sanjai vohra, v. bunty bohra",seed funding,,,,technology
1232,NaT,noddapp,app based networking platform,mumbai,undisclosed multiple investors,seed funding,147000.0,,,ecommerce
1233,NaT,knowlarity,cloud telephony platform,bangalore,"delta partners, sequoia india, xc2 xa0 mayfield, blacksoil, trifecta capital",private equity,20000000.0,,,ecommerce
1234,NaT,infisecure,bot protection solutions,mumbai,"idg ventures, axilor ventures",seed funding,600000.0,,,technology
1235,NaT,udaan,b2b marketplace,bangalore,"lightspeed venture partners india, lightspeed us",private equity,10000000.0,,,ecommerce
1236,NaT,froyofit,fitness discovery platform,indore,dr. pooja gandhi,seed funding,,,,ecommerce
1237,NaT,betterplace,background verification services,bangalore,venture highway,seed funding,,,,ecommerce
1238,NaT,sharechat,local language social networking platform,mumbai,"lightspeed india partners, saif partners, india quotient, venture highway",private equity,4000000.0,,,ecommerce
1239,NaT,uclean,tech enabled laundry service provider,gurgaon,franchise india,private equity,,,,ecommerce
1240,NaT,servify,personal device assistant app,mumbai,"blume ventures, beenext, barkawi holdings gmbh, tm service technology holdings gmbh, sreevathsa prabhakar",private equity,,,,ecommerce
1241,NaT,hubilo,end-to-end event organizers solutions,ahmedabad,"girish mathrubootham, vc karthic, miten mehta, umasankar nistala, rakesh patel, akash bhavsar, jeevanandhan rajagopal, vikas chadha & others",seed funding,,,,ecommerce
1242,NaT,funongo,digital media content and distribution platform,mumbai,reliance entertainment,private equity,,,,ecommerce
1243,NaT,121policy,online insurance platform,kolkata,xelpmoc,seed funding,,,,ecommerce
1244,NaT,tapchief,professional expert advice platform,bangalore,"paytm, aprameya radhakrishna, subramanya venkat, venk krishnan",seed funding,,,,ecommerce
1245,NaT,kloseby,proximity based xc2 xa0 rewards platform,bangalore,undisclosed investor,seed funding,100000.0,,,ecommerce
1246,NaT,wholesalebox,b2b wholesale apparel marketplace,jaipur,"manish maheshwari, contrarian vriddhi fund",private equity,2000000.0,,,ecommerce
1247,NaT,crossahead,creative artists discovery & booking platform,noida,mohit sharma,seed funding,,,,ecommerce
1248,NaT,affordplan,savings platform for medical expenses,delhi,"prime venture partners, kalaari capital",private equity,3000000.0,,,ecommerce
1249,NaT,handytrain,mobile app for saas based training,goa,"silver range investments, lumina datamatics, shun yoshida & others",private equity,1000000.0,,,ecommerce
1250,NaT,shopsup,hyperlocal shopping app,bangalore,"anand sankeshwar, yang shu",seed funding,963000.0,,,ecommerce
1251,NaT,indofash,ethnic indian fashion marketplace,bangalore,"shekhar sahu, nitesh pant",seed funding,150000.0,,,ecommerce
1252,NaT,entropika,"ai, machine learning solutions",bangalore,"dileep bhatt, milind chaudhary",seed funding,200000.0,,,technology
1253,NaT,marianaiq,ai-driven b2b marketing platform,bangalore,exfinity venture partners,private equity,2000000.0,,,technology
1254,NaT,chai thela,quick service restaurants,noida,quarizon,seed funding,218000.0,,,food
1255,NaT,interviewpad,engineering interview facilitation platform,pune,krishna rokhale,seed funding,100000.0,,,technology
1256,NaT,math buddy,online math learn,vadodara,menterra social impact fund,seed funding,440000.0,,,ecommerce
1257,NaT,pulse,campus social networking app,bangalore,saif partners,private equity,500000.0,,,ecommerce
1258,NaT,monkeybox,healthy food delivery platform,bangalore,blume ventures & others,seed funding,,,,ecommerce
1259,NaT,carcrew.in,online car repair marketplace,mumbai,tvs group,seed funding,500000.0,,,ecommerce
1260,2016-03-10,merakisan,fruit & vegetable etailer,bangalore,mahindra univeg,seed funding,,,2016.0,ecommerce
1261,2016-03-10,mystifly,airline ticket aggregator,bangalore,recruit holdings,private equity,5000000.0,,2016.0,ecommerce
1262,2016-03-10,helpchat,ai powered content & commerce platform,bangalore,"american express ventures, sequoia capital",private equity,,,2016.0,ecommerce
1263,2016-03-10,uniphore,speech recognition solutions,chennai,"idg ventures, indian angel network (ian), yournest angel fund",private equity,2000000.0,,2016.0,technology
1264,2016-03-10,world art community,art & craft marketplace,gurgaon,viraj tyagi & others,seed funding,200000.0,,2016.0,ecommerce
1265,2016-04-10,giftxoxo,online gifting platform,bangalore,mahindra holidays & resorts india ltd,private equity,450000.0,,2016.0,ecommerce
1266,2016-04-10,bharat bazaar,online b2b marketplace,mumbai,"beenext, tv mohandas pai, kunal shah, sandeep tandon",seed funding,,,2016.0,ecommerce
1267,2016-04-10,goqii,health & fitness wearable device,mumbai,ratan tata,private equity,,,2016.0,ecommerce
1268,2016-04-10,india gifts portal,online gifting platform,noida,"naveen arya, tarun joshi",private equity,2000000.0,,2016.0,ecommerce
1269,2016-04-10,moglix,industrial & home products marketplace,noida,"accel partners, jungle ventures, seedplus",private equity,4200000.0,,2016.0,ecommerce
1270,2016-04-10,netlinx,internet service provider,hyderabad,"xchange investors nv, transglobal fzc",private equity,3000000.0,,2016.0,ecommerce
1271,2016-04-10,scandid,product shopping comparison app,pune,3one4 capital,private equity,,,2016.0,ecommerce
1272,2016-04-10,remitr,foreign currency payments platform,mumbai,"vijay shekhar sharma, pravin gandhi, xc2 xa0 smart start fund kunal shah, xc2 xa0 sandeep tandon, vishal gondal, & others",seed funding,1000000.0,,2016.0,ecommerce
1273,2016-04-10,innerchef,online food ordering platform,gurgaon,"mistletoe, m&s partners",private equity,2500000.0,,2016.0,ecommerce
1274,2016-04-10,appsdaily,"mobile phone theft, damage protection platform",mumbai,"zodius capital, kalaari capital, qualcomm ventures, russian venture capital fund ru-net, mumbai angels",private equity,3750000.0,,2016.0,ecommerce
1275,2016-05-10,muhurtmaza,online puja booking service,pune,undisclosed investor,seed funding,,,2016.0,ecommerce
1276,2016-05-10,azuro,rental property finder platform,mumbai,"white unicorn ventures, kae capital, mumbai angels",private equity,,,2016.0,ecommerce
1277,2016-05-10,neurosynaptic,remote healthcare delivery solutions,bangalore,"indian angel network, healthsquad, axilor ventures",private equity,,,2016.0,technology
1278,2016-05-10,ue lifesciences,mobile health technology solutions,mumbai,"kiran mazumdar-shaw, unitus seed fund",private equity,1200000.0,,2016.0,technology
1279,2016-06-10,findmeashoe,footwear recommendation app,bangalore,ventureast fund advisors,seed funding,,,2016.0,ecommerce
1280,2016-06-10,realbox,data sciences platform,noida,hyderabad angels,seed funding,300000.0,,2016.0,technology
1281,2016-06-10,sportido,sports discovery platform,noida,sumpoorna group,seed funding,,,2016.0,ecommerce
1282,2016-06-10,gozefo,used furniture & appliances marketplace,bangalore,"helion venture partners, beenext",private equity,1050000.0,,2016.0,ecommerce
1283,2016-07-10,rayiot,baby monitoring devices manufacturer,bangalore,hax accelerator,seed funding,100000.0,,2016.0,technology
1284,2016-07-10,kooh sports,sports training & technology,mumbai,"hdfc, faering capital, elevate sports",private equity,2200000.0,,2016.0,technology
1285,2016-07-10,flexiloans,online funds raising platform,mumbai,"sanjay nayar, vikram sud, anil jaggia, narayan seshadri",private equity,15000000.0,,2016.0,ecommerce
1286,2016-07-10,sibia analytics,marketing & customer analytics solutions,kolkata,radhakrishnan natarajan & others,seed funding,,,2016.0,technology
1287,2016-10-10,vithi.com,online hair extension etailer,delhi,undisclosed investor,seed funding,375000.0,,2016.0,ecommerce
1288,2016-11-10,yupp tv,internet-based tv streaming service provider,bangalore,emerald media,private equity,50000000.0,,2016.0,ecommerce
1289,2016-11-10,deyor camps,branded camping location aggregator,gurgaon,"nitin passi, manickam mahalingam, udaan angels, rajesh arora, arkas industries",seed funding,500000.0,,2016.0,ecommerce
1290,2016-12-10,ziploan,online lending platform,delhi,"growx ventures, sunil kalra, arun venkatachalam, xc2 xa0 badal malick",seed funding,,,2016.0,ecommerce
1291,NaT,faballey,online fashion brand store,noida,"india quotient, fao ventures, indian angel network, tushar singh, ranjan sharma",private equity,2000000.0,,,ecommerce
1292,NaT,shoekonnect,b2b marketplace for shoes,agra,indian angel network,seed funding,,,,ecommerce
1293,NaT,maya,womens health tracker app,bangalore,rajan anandan,seed funding,,,,ecommerce
1294,NaT,robovac,waterless car washing solution,ahmedabad,virendra patel,seed funding,450000.0,,,technology
1295,NaT,newspatrolling,online news portal,delhi,undisclosed,seed funding,25000.0,,,ecommerce
1296,NaT,postman,api platform,bangalore,nexus venture partners,private equity,7000000.0,,,ecommerce
1297,NaT,isfc,education sector lending,hyderabad,gray matters capital,private equity,6000000.0,,,fintech
1298,NaT,beatroute,saas based mobile application platform,gurgaon,quarizon consultancy services llp,seed funding,,,,technology
1299,NaT,kidsstoppress,parenting and baby care platform,mumbai,karan bhagat,seed funding,,,,ecommerce
1300,NaT,innov8,co-working spaces aggregator,bangalore,punit soni,seed funding,,,,ecommerce
1301,NaT,dailyhunt,vernacular content mobile app,bangalore,"bytedance, arun sarin, matrix partners, sequoia capital india, omidyar network, xc2 xa0 falcon edge",private equity,25000000.0,,,ecommerce
1302,NaT,tazzo bikes,motorbike rental platform,hyderabad,dsg consumer partners,seed funding,227000.0,,,ecommerce
1303,NaT,mykindofjob,internet & fresher job platform,mumbai,"mayank shah, shreyans shah",seed funding,1000000.0,,,ecommerce
1304,NaT,trilyo,b2b saas based product,bangalore,"vishnu bhat, rajiv lunkad, naresh ravindranath",seed funding,,,,technology
1305,NaT,rooter,sports social network mobile app,delhi,"boman irani, dhruv chitgopekar, prantik dasgupta",seed funding,,,,ecommerce
1306,NaT,yumigo,app based travel discovery and transactions platform,gurgaon,hemant sahni,seed funding,300000.0,,,ecommerce
1307,NaT,rentalpha,equipment rental and leasing company,mumbai,bravia capital,private equity,16000000.0,,,other
1308,NaT,3dexter,3d printing solutions for edu space,delhi,newbie promoters,seed funding,150000.0,,,technology
1309,NaT,babychakra,parenting and child care portal,mumbai,roundglass partners,private equity,,,,ecommerce
1310,NaT,coppre,copper based items etailer,pune,ganesh natarajan,seed funding,,,,ecommerce
1311,NaT,mysun,solar energy harnessing products marketplace,noida,general catalyst partners,private equity,2500000.0,,,technology
1312,NaT,epathsala,cloud based erp for accreditation & ict,bangalore,"hyderabad angels, tlabs",seed funding,,,,technology
1313,NaT,furlenco,online furniture rental platform,bangalore,"lightbox ventures, axis capital & others",private equity,30000000.0,,,ecommerce
1314,NaT,fisdom,personal wealth management platform & app,bangalore,"saama capital, raghunandan g, aprameya radhakrishna",private equity,1100000.0,,,ecommerce
1315,NaT,actofit,wearable technology platform & devices,mumbai,next orbit ventures fund,private equity,750000.0,,,technology
1316,NaT,stayology,stay & travel related services,bangalore,ranjan pai,seed funding,,,,ecommerce
1317,NaT,hipcask,alcoholic beverage discovery platform,mumbai,mobikon,seed funding,,,,ecommerce
1318,NaT,railyatri,train travel info mobile app,noida,"helion ventures, blume ventures",private equity,,,,ecommerce
1319,NaT,chatongo,hyperlocal xc2 xa0 communication mobile app,mumbai,janak jain,seed funding,300000.0,,,ecommerce
1320,NaT,wotu,b2b marketplace for traders,bangalore,kae capital,seed funding,,,,ecommerce
1321,NaT,healthians,health test discovery & ordering service,gurgaon,beenext,private equity,3000000.0,,,ecommerce
1322,NaT,box8,online food ordering platform/app,mumbai,"iifl seed ventures fund, mayfield ventures",private equity,7500000.0,,,ecommerce
1323,NaT,kredx,invoice discounting marketplace,bangalore,sequoia capital,private equity,6000000.0,,,ecommerce
1324,NaT,creditmate,credit report info platform,mumbai,india quotient,seed funding,500000.0,,,ecommerce
1325,NaT,pickrr,courier logistics & order management solutions,delhi,swastika company ltd,seed funding,,,,technology
1326,NaT,satvakart,online grocery etailer,gurgaon,nimit panigrahi,seed funding,,,,ecommerce
1327,NaT,soopermo,android utility app suite creator,gurgaon,lalit vase,seed funding,100000.0,,,technology
1328,NaT,orangetwig,social media marketing platform,delhi,undisclosed investor,seed funding,1000000.0,,,ecommerce
1329,NaT,wooplr,fashion discovery app,bangalore,"astarc ventures, anand chandrasekaran",seed funding,,,,ecommerce
1330,NaT,the kettlery,online tea etailer,ahmedabad,"hooting starts sports llp, franchise india brands",private equity,1000000.0,,,ecommerce
1331,NaT,idea bubbles,doctor consulting platform,bangalore,"1crowd, eureka forbes ltd, shapoorji pallonji & co. ltd.",private equity,700000.0,,,ecommerce
1332,NaT,fr8,truck fleet operation platform,chennai,omnivore partners,private equity,971000.0,,,technology
1333,NaT,ather energy,electric vehicle manufacturer,bangalore,hero motocorp,private equity,27000000.0,,,technology
1334,NaT,pikkol,relocation service provider,bangalore,"ajay nanavati, afsal salu",seed funding,,,,logistics
1335,NaT,velmenni,lifi based wireless communication provider,delhi,kalaari capital,seed funding,100000.0,,,technology
1336,NaT,volta motors,electric bike manufacturer,chennai,kalaari capital,seed funding,100000.0,,,technology
1337,NaT,cyclops,clinical and wearable diagnostic product creator,bangalore,kalaari capital,seed funding,100000.0,,,technology
1338,NaT,impact analytics,business intelligence and data science startup,bangalore,"aarin capital, michael herzig, ashish lakhanpal",private equity,750000.0,,,technology
1339,NaT,talent next,talent discovery & audition management platform,mumbai,karanpal singh & others,seed funding,1000000.0,,,ecommerce
1340,2016-01-09,mad street den,artificial intelligence platform,chennai,"sequoia india, exfinity ventures, growx ventures,",private equity,,,2016.0,technology
1341,2016-01-09,mihup,personal digital assistant,kolkata,accel partners,private equity,6700000.0,,2016.0,technology
1342,2016-01-09,renowala,home improvement marketplace,hyderabad,pradeep dhobale,seed funding,,,2016.0,ecommerce
1343,2016-01-09,lucideus,it risk assessment and digital security services provider.,delhi,amit choudhary,seed funding,,,2016.0,technology
1344,2016-04-09,trackbizz,field force automation system,kochi,grasshoppers,private equity,,,2016.0,technology
1345,2016-05-09,social quotient,platform for social causes,mumbai,"anita dongre, yash dongre, milind sarwate",seed funding,,,2016.0,technology
1346,2016-05-09,stalk buy love,fashion apparel etailer,delhi,william bissel,seed funding,,,2016.0,ecommerce
1347,2016-06-09,eshakti,women xe2 x80 x99s fashion apparel etailer,chennai,"infina finance pvt. ltd, uday kotak",private equity,1350000.0,,2016.0,ecommerce
1348,2016-06-09,cheersoye!,online gift vouchers platform,mumbai,undisclosed investors,seed funding,500000.0,,2016.0,ecommerce
1349,2016-06-09,lenskart,online eyewear etailer,delhi,premjiinvest,private equity,,,2016.0,ecommerce
1350,2016-06-09,bigstylist,hyperlocal doorstep beauty services provider,mumbai,info edge (india) ltd,private equity,900000.0,,2016.0,ecommerce
1351,2016-07-09,zilingo,online fashion retailer,bangalore,"venturra capital, sequoia india, susquehanna international group. xc2 xa0 wavemaker partners, beenext, beenos, digital garage",private equity,8000000.0,,2016.0,ecommerce
1352,2016-07-09,alternacare,online doctor consulting platform,delhi,eros labs,seed funding,500000.0,,2016.0,ecommerce
1353,2016-07-09,simplilearn,online certification programs,bangalore,innoven capital india,private equity,6000000.0,,2016.0,edtech
1354,2016-07-09,prozo,study material marketplace,gurgaon,"earlsfield capital, sailender solanki, rajiv solanki",seed funding,315000.0,,2016.0,ecommerce
1355,2016-08-09,toprankers,online test preparation platform,bangalore,"careernet consulting pvt. ltd, ideation initiative pvt. ltd,",seed funding,670000.0,,2016.0,edtech
1356,2016-08-09,buildtraders,online construction materials marketplace,bangalore,idein ventures,seed funding,200000.0,,2016.0,ecommerce
1357,2016-09-09,byjuxe2x80x99s,online learning app,bangalore,"chan zuckerberg initiative, times internet ltd, sequoia capital, sofina, lightspeed ventures",private equity,50000000.0,,2016.0,edtech
1358,2016-09-09,nobroker,online home rental platform,bangalore,anand chandrasekaran,seed funding,,,2016.0,ecommerce
1359,2016-10-09,freshboxx,fruits & vegetable etailer,hubli,ravi linganuri,seed funding,,,2016.0,ecommerce
1360,2016-10-09,cureinstant,social health networking platform,delhi,dr. rameshwar kumar,seed funding,150000.0,,2016.0,ecommerce
1361,2016-10-09,poshtic,online health & wellness platform,noida,"havya sharma, amit nagar",seed funding,450000.0,,2016.0,ecommerce
1362,2016-10-09,karmacircles,peer-to-peer social learning platform,delhi,"harinder takhar, zain raj, dr. prasad kaipa, abaran deep, aseem sood, mustafa patni",seed funding,,,2016.0,ecommerce
1363,2016-12-09,purple style labs,personal styling online platform,mumbai,"augment ventures, rahul kayan, nikhil golcha, shubham gupta, roy kwan",seed funding,448000.0,,2016.0,ecommerce
1364,2016-12-09,inuxu,online advertising solutions,pune,fork media,private equity,3000000.0,,2016.0,technology
1365,2016-12-09,nykaa,online beauty products etailer,mumbai,"sunil munjal, mariwala family",private equity,12300000.0,,2016.0,ecommerce
1366,2016-12-09,glam studios,beauty salon aggregator,noida,"pradeep mirani, aqeel ahmed, anand ladsariya, nitin agarwal",seed funding,300000.0,,2016.0,ecommerce
1367,NaT,findow,fashion discovery mobile app,bangalore,raj singh bhandal,seed funding,,,,ecommerce
1368,NaT,ideachakki,restaurant menu & food mobile app,delhi,ratan tata,seed funding,,,,ecommerce
1369,NaT,shoekonnect,footwear & leather b2b app,agra,indian angels network,seed funding,,,,ecommerce
1370,NaT,nearbuy,online deals & discount platform,gurgaon,blacksoil capital pvt. ltd.,private equity,2500000.0,,,ecommerce
1371,NaT,zeroinfy,online video lectures platform,kolkata,calcutta angels network,seed funding,,,,ecommerce
1372,NaT,flocareer,jobs & skill validation platform,bangalore,"balasubramanian krishnamurthy, sidhartha hazarika & others",seed funding,150000.0,,,ecommerce
1373,NaT,lenspick,eyewear etailer,bangalore,scadea solutions inc,private equity,,,,ecommerce
1374,NaT,infeedo,employee engagement platform,gurgaon,"dheeraj jain, palash jain, anupam mittal, ameera shah, xc2 xa0 vivek bhargava, rahul singh, ambarish gupta,",seed funding,200000.0,,,ecommerce
1375,NaT,furlenco,online furniture rental startup,bangalore,lightbox ventures and others,private equity,5000000.0,,,ecommerce
1376,NaT,gopigeon,on-demand logistics service provider,bangalore,nexus venture partners,private equity,1500000.0,,,ecommerce
1377,NaT,newsdistill,city based news aggregator app,hyderabad,"ganesh narasimhan, ramana thumu, sudhir mallem",seed funding,100000.0,,,ecommerce
1378,NaT,doctorinsta,online doctor consultations,gurgaon,roundglass partners,private equity,1000000.0,,,ecommerce
1379,NaT,milofy,couple socialization app,bangalore,accel partners,seed funding,750000.0,,,ecommerce
1380,NaT,liqvid,integrated elearning content solutions,delhi,gray matters capital,private equity,,,,technology
1381,NaT,swiggy,online food ordering & delivery,bangalore,bessemer venture partners,private equity,15000000.0,,,ecommerce
1382,NaT,codemojo,customer engagement platform,bangalore,cio angel network,seed funding,,,,ecommerce
1383,NaT,justlikenew,online gadget repair services marketplace,hyderabad,letsventure,seed funding,500000.0,,,ecommerce
1384,NaT,joehukum,enterprise customer engagement solutions,delhi,sumit jain,seed funding,,,,technology
1385,NaT,co life,shared living and working spaces platform,bangalore,undisclosed investors,seed funding,1000000.0,,,ecommerce
1386,NaT,purpledocs,electronic health care records platform,vadodara,"kellygamma, lead angels & others",seed funding,,,,ecommerce
1387,NaT,pepperfry,furniture etailer,mumbai,"goldman sachs group, zodius technology fund, norwest venture partners, bertelsmann india",private equity,31300000.0,,,ecommerce
1388,NaT,equickies,online book etailer,ahmedabad,lothal angel ventures,seed funding,298000.0,,,ecommerce
1389,NaT,khel now,mobile-based social networking platform,delhi,anglian omega network,seed funding,350000.0,,,ecommerce
1390,NaT,gadgetwood,on-demand gadget repair services platform,delhi,carpediem capital,private equity,6000000.0,,,ecommerce
1391,NaT,dailyrounds,mobile app for doctors,bangalore,"accel partners, beenext, powerhouse ventures, akusa holdings",private equity,,,,ecommerce
1392,NaT,flixy games,mobile game publisher for indian audience,bangalore,rebright partners,seed funding,425000.0,,,technology
1393,NaT,hashtaag,mobile app development company,bangalore,undisclosed investors,seed funding,1000000.0,,,technology
1394,NaT,pharmarack,saas application for pharma industry,pune,"currae healthtech fund, unicorn india ventures",private equity,745000.0,,,technology
1395,NaT,xc2xa0cloudcherry,crm saas platform,chennai,"vertex ventures, cisco ventures, idg ventures",private equity,6000000.0,,,technology
1396,NaT,parentlane,social platform for babycare and parenting,bangalore,rohit ma,seed funding,,,,ecommerce
1397,NaT,first moms club,social network for mothers,mumbai,idea wave labs,seed funding,,,,ecommerce
1398,NaT,inmotion,financial platform for daily wage earning communities,noida,"prashant tandon, gaurav agarwal, gaurav bhogle, shrishti sahu, shantanu mathur, prabhat aggarwal",seed funding,,,,technology
1399,NaT,let\xe2\x80\x99s barter,goods & services barter platform,delhi,scale ventures funds,seed funding,,,,ecommerce
1400,NaT,evengini,event registration and ticketing platform,chennai,procam international pvt. ltd,private equity,,,,ecommerce
1401,NaT,tinystep,parenting network platform,bangalore,flipkart logistics pvt. ltd,private equity,1580000.0,,,ecommerce
1402,NaT,canvs,community platform for artists and designers,mumbai,pratik seal,seed funding,,,,ecommerce
1403,NaT,beardo,mens grooming products etailer,ahmedabad,venture catalysts,seed funding,500000.0,,,ecommerce
1404,NaT,instacar,out-station taxi rental platform,indore,swastika co ltd.,seed funding,1000000.0,,,ecommerce
1405,NaT,celes care,virtual health clinic for women,hyderabad,endiya partners,seed funding,1000000.0,,,ecommerce
1406,NaT,druva,cloud based data protection solution,pune,"sequoia india, edbi, blue cloud ventures, hercules capital",private equity,51000000.0,,,technology
1407,NaT,promon,local commerce platform,delhi,now capital,seed funding,180000.0,,,ecommerce
1408,NaT,fastudent,education ecommerce platform,noida,"kanwaljit singh, ajay lakhotia, pavan ongole, ashish gupta",seed funding,,,,ecommerce
1409,NaT,unocoin,bitcoin wallet,bangalore,"blume ventures, mumbai angels, ah ventures, digital currency group, boost vc, bank to the future and funders club",private equity,1500000.0,,,ecommerce
1410,NaT,demyto,vehicle maintenance services platform,pune,deepak nathani,seed funding,,,,ecommerce
1411,NaT,zeta,enterprise cloud solutions,mumbai,bhavin turakhia,private equity,19000000.0,,,technology
1412,NaT,kalaage,social networking platform for writers,jaipur,rajasthan angel innovators network,seed funding,,,,ecommerce
1413,2016-01-08,healthkart,online pharmacy & health marketplace,gurgaon,"sequoia capital india, omidyar network, kae capital",private equity,12000000.0,,2016.0,ecommerce
1414,2016-01-08,medinfi,doctor & clinic xc2 xa0 discovery platform,bangalore,"mudit saxena, evan lim",seed funding,200000.0,,2016.0,ecommerce
1415,2016-01-08,repaireasy,gadget repair services platform,pune,undisclosed hnis,seed funding,275000.0,,2016.0,ecommerce
1416,2016-01-08,voonik,online women xe2 x80 x99s fashion marketplace,bangalore,innoven capital,private equity,3000000.0,,2016.0,ecommerce
1417,2016-01-08,tokri,hyperlocal grocery delivery platform,pune,syska led group,private equity,2500000.0,,2016.0,ecommerce
1418,2016-02-08,sheroes,online job and career platform for women,noida,"lumis partners, the hr fund, rajul garg, quintillion media",private equity,1800000.0,,2016.0,ecommerce
1419,2016-02-08,daily ninja,hyperlocal daily needs products delivery platform,bangalore,"venk krishnan, aprameya radhakrishna, anupam mittal, kunal shah, tracxn labs, subramanya sv, ravi garkipati",seed funding,,,2016.0,ecommerce
1420,2016-02-08,yumlane,retail food & snack offline centres,mumbai,"binny bansal, anupam mittal, sachin bhatia, darius pandole, kunal khattar, dheerag jain",seed funding,1000000.0,,2016.0,food
1421,2016-03-08,xcode,personal genomics,chennai,roundglass partners,private equity,,,2016.0,healthcare
1422,2016-03-08,extracarbon,waste recycle management platform,gurgaon,brand capital,seed funding,225000.0,,2016.0,ecommerce
1423,2016-03-08,flickbay,mobile based bollywood discovery platform,mumbai,paul roy,seed funding,890000.0,,2016.0,ecommerce
1424,2016-04-08,petoo,food delivery platform,bangalore,existing investors,seed funding,500000.0,,2016.0,ecommerce
1425,2016-04-08,lehlehsports,sports arena discovery,delhi,anglian omega network,seed funding,,,2016.0,other
1426,2016-05-08,tricog,healthcare analytics platform,bangalore,"inventus capital partners, blume ventures & others",private equity,,,2016.0,healthcare
1427,2016-06-08,vst travels,travel ticket booking software,kerala,promatus group,seed funding,27000.0,,2016.0,technology
1428,2016-08-08,adpushup,ad optimization platform,delhi,"geniee, inc, purvi capital",private equity,,,2016.0,technology
1429,2016-08-08,wefly indoor skydiving,indoor skydiving sports provider,mumbai,swastika company ltd.,seed funding,40000.0,,2016.0,other
1430,2016-08-08,mojarto,"original art, digital prints etailer",gurgaon,undisclosed investors,seed funding,445000.0,,2016.0,ecommerce
1431,2016-08-08,zipgrid,community services platform,mumbai,1crowd (through crowd funding),seed funding,200000.0,,2016.0,ecommerce
1432,2016-09-08,mobident,dental protection solution,bangalore,centre for innovation incubation and entrepreneurship (ciie),seed funding,,,2016.0,healthcare
1433,2016-09-08,zeolr/respiron,healthcare related iot platform,delhi,centre for innovation incubation and entrepreneurship (ciie),seed funding,,,2016.0,technology
1434,2016-10-08,vebbler,photo sharing mobile app,bangalore,"anupam mittal, sharad sharma & 14 others",seed funding,500000.0,,2016.0,ecommerce
1435,2016-10-08,bombay shaving company,men xe2 x80 x99s grooming product etailer,delhi,"noshir kaka, subramanian ramadorai, kiran deshpande, pankaj gupta, ravi nigam & others",seed funding,600000.0,,2016.0,ecommerce
1436,2016-11-08,travelyaari,online ticket booking platform,bangalore,"gujarat venture finance limited (gvfl), bennett coleman & co. ltd",private equity,7000000.0,,2016.0,ecommerce
1437,2016-11-08,91springboard,co-working spaces discovery & booking platform,mumbai,"khattar holdings, thirtythree investments, soumitra sharma, deepak sharma, sumit dayal and others",private equity,,,2016.0,ecommerce
1438,2016-11-08,genextstudents,online tutoring service provider,mumbai,1crowd (through crowdfunding),seed funding,209000.0,,2016.0,ecommerce
1439,2016-11-08,zenoti,cloud based software solutions provider,hyderabad,"norwest venture partners, accel india",private equity,15000000.0,,2016.0,technology
1440,2016-12-08,crofarm,agri-tech supply chain solution provider,gurgaon,"mukul singhal, rohit jain, himanshu aggrawal, sunil goyal ashish gupta,",private equity,1500000.0,,2016.0,technology
1441,2016-12-08,faircent.com,peer-to-peer lending platform,gurgaon,brand capital,private equity,1500000.0,,2016.0,ecommerce
1442,2016-12-08,innovaccer,integrated enterprise analytics platform,noida,westbridge capital partners,private equity,15600000.0,,2016.0,technology
1443,2016-12-08,cuberoot,data analytics & audience management platform,gurgaon,undisclosed investors,seed funding,500000.0,,2016.0,technology
1444,2016-12-08,funcastic,b2c vernacular podcast aggregator platform,delhi,"ht media ltd, north base media",seed funding,,,2016.0,ecommerce
1445,NaT,buttercups,women intimate wear etailer,bangalore,"anand chandrasekaran, kanwaljit singh, manoj varghese",seed funding,,,,ecommerce
1446,NaT,zappfresh,raw meat products etailer,gurgaon,ashvin chadha,seed funding,,,,ecommerce
1447,NaT,oyorooms,budget hotels aggregator,delhi,softbank group,private equity,62000000.0,,,ecommerce
1448,NaT,hike,mobile messaging app,delhi,"tencent holdings, foxconn technology group, tiger global, softbank group, bharti enterprises",private equity,175000000.0,,,ecommerce
1449,NaT,joolz,online jewellery store,mumbai,"powerhouse ventures, m&s partners",private equity,500000.0,,,ecommerce
1450,NaT,salebhai,"sweets, dry fruits & handicrafts etailer",ahmedabad,brand capital,private equity,1500000.0,,,ecommerce
1451,NaT,makkajai,online & mobile learning for kids,pune,"anand chandrasekaran, ananth narayanan, mekin maheshwari, ravi garikipati, divyesh shah, swastika company ltd",seed funding,250000.0,,,technology
1452,NaT,gradopedia,career progression portal,mumbai,undisclosed dubai based hnis,seed funding,,,,ecommerce
1453,NaT,maalgaadi,online logistics marketplace,indore,"swan angel network,sachin khandelwal and others",seed funding,375000.0,,,logistics
1454,NaT,zipi,mobile chatbot app,bangalore,swan angel network,seed funding,,,,technology
1455,NaT,appknox,mobile security solutions,bangalore,"seedplus, infocomm investments, accel partners rnt associates",private equity,675000.0,,,technology
1456,NaT,pikkol,packers & movers,bangalore,indian angel network,seed funding,,,,logistics
1457,NaT,meesho,mobile based ecommerce saas platform,bangalore,"kashyap deorah, rajul garg, maninder gulati",seed funding,,,,ecommerce
1458,NaT,sesame software,financial technology solutions provider,kozhikode,speridian technologies,private equity,,,,technology
1459,NaT,quikr,classified listings platform,mumbai,brand capital,private equity,20000000.0,,,ecommerce
1460,NaT,digio,aadhar based document signing platform,bangalore,rainmatter,private equity,375000.0,,,technology
1461,NaT,ziffity,full service ecommerce agency,chennai,aspire systems,private equity,,,,technology
1462,NaT,zzungry,food delivery platform,bangalore,"satish vasudeva, madhusudhan jujare & others",seed funding,,,,ecommerce
1463,NaT,puro wellness,"organic, xc2 xa0 natural xc2 xa0 food substitute manufacturer",mumbai,torrent group,private equity,37000000.0,,,healthcare
1464,NaT,fitternity,fitness gym & services discovery platform,mumbai,"saha fund, exfinity venture partners & others",private equity,,,,ecommerce
1465,NaT,tac security,cyber-security solutions provider,delhi,vijay kedia,seed funding,,,,technology
1466,NaT,notesgen,online notes sharing portal,delhi,"riju gupta, kamal chabra",seed funding,100000.0,,,ecommerce
1467,NaT,nearu,marketing app for retailers,mumbai,dr. goutam challagalla,seed funding,,,,ecommerce
1468,NaT,octo.ai,artificial intelligence based marketing platform,delhi,"outbox ventures, jaspreet bindra, arjun malhotra, rohan malhotra, sidharth rao, rakesh agrawal",seed funding,200000.0,,,technology
1469,NaT,shaadisaga,wedding website creator,delhi,"ah ventures, anupam mittal, kunal shah, sandeep tandon, dheeraj jain, rohit chokhani",seed funding,,,,ecommerce
1470,NaT,unaacademy,free interactive education platform,bangalore,"blume ventures, sachin bansal, vijay shekhar sharma, binny bansal, xc2 xa0 kunal shah, sandeep tandon, ashish tulsian",private equity,1000000.0,,,ecommerce
1471,NaT,advenio,clinical imaging solution provider,chandigarh,kalaari capital,seed funding,100000.0,,,technology
1472,NaT,guarented,home furnishing rental marketplace,bangalore,kalaari capital,seed funding,500000.0,,,ecommerce
1473,NaT,beyond evolution,mobile apps & tech services provider,gurgaon,"vineet taneja, kamal puri",seed funding,,,,technology
1474,NaT,uber dreams,dreams fulfilling marketplace,mumbai,mohit lalvani,seed funding,500000.0,,,ecommerce
1475,NaT,convegenius,edutainment platform,noida,michael and susan dell foundation,private equity,900000.0,,,edtech
1476,NaT,urbanladder,online furniture store,mumbai,trifecta capital,private equity,3000000.0,,,ecommerce
1477,NaT,encashea,scrap collection and recycling platform,bangalore,"kunal shah, sandeep tandon, tracxn labs",seed funding,,,,ecommerce
1478,NaT,engineerbabu,mobile app & web development company,indore,scale ventures,seed funding,,,,technology
1479,NaT,cult,health and fitness centres,bangalore,curefit,private equity,3000000.0,,,healthcare
1480,NaT,witworks,consumer iot startup,bangalore,"fireside ventures, investopad, p39 capital, anupam mittal, pranay jivrajka, maninder gulati, abhinav sinha",seed funding,,,,technology
1481,NaT,nearfox,local lifestyle content and discovery platform,mumbai,"globevestor angel fund, devendra rane, ravi jain, xc2 xa0 arpan nagdeve",seed funding,,,,ecommerce
1482,NaT,zoomcar,self-driven car booking platform,bangalore,ford smart mobility llc,private equity,24000000.0,,,ecommerce
1483,NaT,plix,photo and video sharing app,gurgaon,instalabs,seed funding,500000.0,,,ecommerce
1484,NaT,mobikwik,digital wallet platform,gurgaon,net1 ueps technologies inc,private equity,40000000.0,,,ecommerce
1485,NaT,mydidi,"on-demand, hyper-local cleaning services provider",mumbai,undisclosed ex mckinsey directors and partners,seed funding,550000.0,,,ecommerce
1486,NaT,crownit,cashback mobile app,gurgaon,"kunal shah & sandeep tandon, girish mathrubootham, anand chandrasekaran",seed funding,,,,ecommerce
1487,NaT,loantap,lending platform for salaried professionals,mumbai,"dr. abhishek pandey, jaysukh sapra",private equity,3000000.0,,,ecommerce
1488,NaT,runnr,hyperlocal logistics services provider,bangalore,"nexus venture partners, blume ventures",private equity,7000000.0,,,ecommerce
1489,NaT,zolo,on-demand online talent marketplace,noida,hitouch ag,private equity,,,,ecommerce
1490,NaT,notion press,self-publishing books platform,chennai,undisclosed hni investors,private equity,1000000.0,,,ecommerce
1491,NaT,livspace,online portal for home design,bangalore,"bessemer venture partners, jungle ventures, helion ventures",private equity,15000000.0,,,ecommerce
1492,NaT,iaugmentor labs,assessment & learning platform,gurgaon,rajasthan angel investor network & others,seed funding,149000.0,,,technology
1493,NaT,daybox,fruit & vegetable delivery platform,delhi,"ashutosh lawania, rajul jain, badal malick, rishi gupta & others",seed funding,104000.0,,,ecommerce
1494,NaT,paytm,mobile wallet & ecommerce platform,bangalore,mediatek inc.,private equity,60000000.0,,,ecommerce
1495,NaT,cropin,agriculture technology solutions,bangalore,sophia investment aps,private equity,2000000.0,,,technology
1496,NaT,canvera,photographer discovery & information platform,bangalore,info edge (india) ltd,private equity,3000000.0,,,ecommerce
1497,NaT,prime focus technologies,hybrid cloud technology enabled media erp platform,mumbai,ambit pragma,private equity,,,,technology
1498,NaT,flyrobe,online fashion rental platform,mumbai,"idg ventures, sequoia capital, gree ventures",private equity,5300000.0,,,ecommerce
1499,NaT,inclov,matchmaking app for disabled,mumbai,"sarbvir singh, raghav bahl",seed funding,,,,ecommerce
1500,2016-01-07,razorpay,online payment gateway,bangalore,mastercard,private equity,,,2016.0,ecommerce
1501,2016-01-07,darwinbox,hr software services startup,hyderabad,"3one4 capital, tracxn labs, aaruha technology fund, endiya partners",seed funding,,,2016.0,technology
1502,2016-01-07,venture catalysts,seed investment & innovation platform,mumbai,zaffiro ventures,seed funding,500000.0,,2016.0,ecommerce
1503,2016-01-07,pressplay tv,video content discovery platform,delhi,"sequoia capital, sd ventures, vistaar investment advisors pvt. ltd.",private equity,,,2016.0,ecommerce
1504,2016-02-07,playment,mobile marketplace for crowdsourced work,bangalore,saif partners,private equity,700000.0,,2016.0,ecommerce
1505,2016-04-07,wealthtrust,wealth management app,mumbai,india quotient,seed funding,,,2016.0,ecommerce
1506,2016-04-07,curefit,online preventive healthcare platform,bangalore,"accel partners, idg ventures, kalaari capital",private equity,15000000.0,,2016.0,ecommerce
1507,2016-04-07,stitchwood,custom furniture online,mumbai,deepak gupta,seed funding,200000.0,,2016.0,ecommerce
1508,2016-04-07,grab.in,hyperlocal logistics service,mumbai,aramex ventures llc,private equity,2000000.0,,2016.0,logistics
1509,2016-04-07,fulfil.io,cloud based erp software,us,rajan anandan,seed funding,,,2016.0,ecommerce
1510,2016-04-07,neogrowth,sme lending platform,mumbai,"iifl wealth management seed venture fund, omidyar network, khosla impact, aspada",private equity,16000000.0,,2016.0,fintech
1511,2016-05-07,seedoc,video based doctor consulting platform app,gurgaon,yournest angel fund xc2 xa0 & others,private equity,1000000.0,,2016.0,ecommerce
1512,2016-05-07,bookmyshow,event & movie ticketing platform,mumbai,"stripes group, network 18, accel partners, saif partners",private equity,82000000.0,,2016.0,ecommerce
1513,2016-05-07,flyrobe,online fashion rental platform,mumbai,"sequoia capital, rohit bansal, kunal bahl, sandeep tandon, kunal shah, zishaan hayath, xc2 xa0 abhishek jain",seed funding,1700000.0,,2016.0,ecommerce
1514,2016-06-07,happilyunmarried,online merchandize etailer,delhi,info edge (india) ltd,private equity,740000.0,,2016.0,ecommerce
1515,2016-06-07,donxe2x80x99t scratch your head,full stack offline & online erp solution,ahmedabad,"gaurav singhvi, zaffiro ventures",seed funding,250000.0,,2016.0,technology
1516,2016-06-07,wedding wishlist,"wedding wishlist, gifts & registry creation platform",chennai,"kirthiga reddy, renuka ramanath,cherry tin",seed funding,297000.0,,2016.0,ecommerce
1517,2016-07-07,appdaily,mobile security app development & distribution,mumbai,"kalaari capital, qualcomm ventures, ru-net, zodius technology opportunities fund,",private equity,2000000.0,,2016.0,technology
1518,2016-07-07,adytude,gamified consumer insights portal,delhi,indian angel network,private equity,1000000.0,,2016.0,ecommerce
1519,2016-07-07,quickli,on-demand delivery startup,gurgaon,"avg group, 500 startups",private equity,,,2016.0,logistics
1520,2016-07-07,spectravr,virtual reality content studio,mumbai,rothenberg ventures,seed funding,,,2016.0,technology
1521,2016-08-07,pitstop,online car repair and servicing booking platform,bangalore,"alex chua, rahul garg",seed funding,,,2016.0,ecommerce
1522,2016-08-07,holachef,online food ordering & delivery platform,mumbai,"kalaari capital, india quotient",private equity,1950000.0,,2016.0,ecommerce
1523,2016-11-07,purplle,beauty products marketplace,mumbai,"jsw ventures, blume ventures & ivycap ventures",private equity,6000000.0,,2016.0,ecommerce
1524,2016-11-07,trak n tell,car tracking & safety system,gurgaon,brian acton,private equity,3500000.0,,2016.0,technology
1525,2016-11-07,overcart.com,unboxed & refurbished electronic products marketplace,gurgaon,"jsw ventures, omidyar network, sattva capital, venture works",private equity,3000000.0,,2016.0,ecommerce
1526,2016-12-07,sirionlabs,saas based service agreement management,gurgaon,sequoia capital,private equity,12250000.0,,2016.0,technology
1527,2016-12-07,gyandhan,education focused financing platform,delhi,"stanford angels & entrepreneurs, harvard angels",seed funding,,,2016.0,ecommerce
1528,2016-12-07,mintm,digital marketing & adtech platform,bangalore,"mumbai angels, xc2 xa0 times internet",private equity,,,2016.0,ecommerce
1529,2016-12-07,hitgrit,online legal consultation platform,chandigarh,"ashish mahajan, sarvesh sharma",seed funding,,,2016.0,ecommerce
1530,2016-12-07,find my stay,online budget hotel aggregator & booking platform,delhi,"rishi parti, yogesh bansal",seed funding,,,2016.0,ecommerce
1531,NaT,yaap,"online content discovery, creation & distribution platform",delhi,rainmaker ventures,private equity,5000000.0,,,ecommerce
1532,NaT,utoo cabs,cab aggregation & rental platform,chennai,ajay piramal,seed funding,,,,ecommerce
1533,NaT,twigly,online food ordering & delivery startup,gurgaon,"tracxn labs, hyderabad angels, kunal shah, gaurav bhalotia",seed funding,600000.0,,,ecommerce
1534,NaT,sharechat,vernacular language content creation & sharing app,bangalore,"saif partners, india quotient",private equity,1350000.0,,,ecommerce
1535,NaT,urban tailor,e-tailoring service provider,bangalore,unitus seed fund,private equity,,,,ecommerce
1536,NaT,rentmojo,online furniture renting platform,bangalore,"accel partners, idg ventures india",private equity,5000000.0,,,ecommerce
1537,NaT,cityfurnish,online furniture renting platform,gurgaon,brand capital,seed funding,,,,ecommerce
1538,NaT,heal institute,sports focused healthcare startup,mumbai,"jaspal bindra, parth jindal",seed funding,,,,healthcare
1539,NaT,augrav,personalized precious jewellery etailer,coimbatore,keiretsu forum,seed funding,450000.0,,,ecommerce
1540,NaT,shoppinpal,m-commerce solutions for retail stores,pune,"plug and play tech center, steelhead ventures & others",private equity,1070000.0,,,technology
1541,NaT,transtutors / askiitians,online education & tutoring portals,delhi,500 startups,private equity,,,,ecommerce
1542,NaT,workapps,enterprise work management software,pune,sri capital,seed funding,1000000.0,,,technology
1543,NaT,bankerbay,online investment banking platform,bangalore,undisclosed investors,private equity,2000000.0,,,ecommerce
1544,NaT,baggout,women xe2 x80 x99s fashion etailer,delhi,"sumit jain, sumit jain, anurag gupta, varun khanna, faraz khan",seed funding,,,,ecommerce
1545,NaT,tripshelf,travel package marketplace,delhi,gems group,seed funding,250000.0,,,ecommerce
1546,NaT,satvacart,online grocers,delhi,"abhijit avasthi, karan chellani, sp vijay",seed funding,,,,ecommerce
1547,NaT,ridlr,public transport mobile app,mumbai,"times internet, innoven capital, matrix partners india, qualcomm ventures",private equity,6000000.0,,,ecommerce
1548,NaT,yellowdig,online learning platform,pune,sri capital,seed funding,650000.0,,,ecommerce
1549,NaT,zuppler,online food ordering platform,delhi,sri capital,seed funding,650000.0,,,ecommerce
1550,NaT,bluestone,jewellery etailer,mumbai,"iifl and accel partners, kalaari capital, ivycap ventures, rb investments",private equity,30000000.0,,,ecommerce
1551,NaT,underdogs,game development startup,mumbai,intelli reboot digital pvt. ltd,private equity,,,,technology
1552,NaT,imageprovision,image analysis solutions,pune,satish jamdar,seed funding,,,,technology
1553,NaT,sagacito,cloud-based enterprise solutions,delhi,star india pvt. ltd,private equity,10000000.0,,,technology
1554,NaT,deal4loans / wishfin,nloans comparison platform n n n n (adsbygoogle window.adsbygoogle ).push( ) n n,noida,franklin templeton international services pvt. ltd,private equity,15000000.0,,,ecommerce
1555,NaT,niyo solutions,payroll & benefits software solutions,bangalore,prime venture partners,private equity,1000000.0,,,technology
1556,NaT,applop,mobile apps saas platform,gurgaon,green house ventures accelerator,seed funding,250000.0,,,ecommerce
1557,NaT,tax2win,online tax filing portal,jaipur,undisclosed investors,private equity,1000000.0,,,ecommerce
1558,NaT,truckola,tech-focused cargo transport startup,mumbai,"abhishek agarwal, krishnakumar nataraj, sarath sura, shanti mohan, sarthak and nihit agarwal, suramya gupta",seed funding,595000.0,,,logistics
1559,NaT,iserve financial,loan comparison & deals platform,pune,nilesh shah,seed funding,,,,ecommerce
1560,NaT,mytaxiindia,online car rental booking platform,delhi,nihon kotsu co,private equity,1000000.0,,,ecommerce
1561,NaT,aberuk,online marketplace for books,bangalore,swastika company pvt ltd,seed funding,,,,ecommerce
1562,NaT,wiwigo,inter-city taxi booking platform,bangalore,indian angel network,seed funding,595000.0,,,ecommerce
1563,NaT,drums food,yogurt and ice cream maker,mumbai,"verlinvest, dsg consumer partners",,,,,food
1564,2016-01-06,chikoop,free ad based voice calling,indore,undisclosed investors,seed funding,,,2016.0,ecommerce
1565,2016-01-06,bridgei2i,data analytics platform,bangalore,edelweiss private equity,private equity,,,2016.0,technology
1566,2016-02-06,droom,online marketplace for used automobiles,delhi,"beenext, digital garage, lightbox, beenos",private equity,,,2016.0,ecommerce
1567,2016-02-06,visit,on-demand healthcare service provider,delhi,mapmyindia,seed funding,,,2016.0,ecommerce
1568,2016-02-06,atomberg,"smart, energy efficient home appliance manufacturer",mumbai,parampara capital,private equity,1000000.0,,2016.0,technology
1569,2016-02-06,coutloot,fashion re-commerce platform,mumbai,venture catalysts,seed funding,,,2016.0,ecommerce
1570,2016-02-06,limo,bus aggregator mobile app,mumbai,rainmaker ventures,private equity,1000000.0,,2016.0,ecommerce
1571,2016-03-06,icliniq,doctor consultation platform,bangalore,madhankumar madathupalayam,seed funding,,,2016.0,ecommerce
1572,2016-03-06,gogo truck,truck aggregator & booking platform,chennai,undisclosed investor,seed funding,75000.0,,2016.0,ecommerce
1573,2016-03-06,vyome biosciences,treatment development for antibiotic-resistant diseases,delhi,romulus capital,private equity,2000000.0,,2016.0,healthcare
1574,2016-06-06,sillymonks,digital media and entertainment startup,hyderabad,sreenivasa reddy musani,seed funding,448000.0,,2016.0,ecommerce
1575,2016-07-06,cuemath,k-12 maths learning courses,bangalore,"sequoia capital, unitus seed fund",private equity,4000000.0,,2016.0,edtech
1576,2016-07-06,krazybee,student micro-loan platform,bangalore,"yeahmobi, fenqile",private equity,2000000.0,,2016.0,ecommerce
1577,2016-07-06,intgrea,post merger integration partners,bangalore,undisclosed investor,seed funding,100000.0,,2016.0,technology
1578,2016-07-06,helpshift,mobile crm platform,pune,"microsoft ventures, salesforce ventures",private equity,23000000.0,,2016.0,technology
1579,2016-07-06,creditvidya,credit scoring platform,mumbai,kalaari capital,private equity,1000000.0,,2016.0,technology
1580,2016-08-06,grey campus,online learning platform,hyderabad,sarath sura,seed funding,1000000.0,,2016.0,ecommerce
1581,2016-08-06,listup,location based classified mobile app,mumbai,"kae capital, kunal shah, sandeep tandon",seed funding,500000.0,,2016.0,ecommerce
1582,2016-08-06,6degree,tech-enabled fashion talent platform,mumbai,indian angel network,seed funding,200000.0,,2016.0,technology
1583,2016-08-06,shopwati,online fashion discussion community,gurgaon,sanjiv rai,seed funding,,,2016.0,ecommerce
1584,2016-08-06,cookifi,online chef discovery & booking service,bangalore,"kunal shah, aneesh reddy, tracxn labs, venkat tadanki, krishna mehra, amit rathore",seed funding,,,2016.0,ecommerce
1585,2016-08-06,storeking,connecting small town consumers to e-commerce,bangalore,axiata digital,private equity,16000000.0,,2016.0,ecommerce
1586,2016-08-06,wired hub,co-working spaces,jaipur,"ankit maheshwari, anand singh",seed funding,,,2016.0,real_estate
1587,2016-08-06,myseniordoctor,online medical support platform,gurgaon,blackjag partners,seed funding,200000.0,,2016.0,ecommerce
1588,2016-09-06,teabox,online tea store,siliguri,cameron jones,seed funding,,,2016.0,ecommerce
1589,2016-09-06,extraaedge,student acquisition platform,pune,"ritesh dwivedy, priti padhy",seed funding,,,2016.0,ecommerce
1590,2016-09-06,epaylater,fin-tech platform,mumbai,3 undisclosed hnis,seed funding,2000000.0,,2016.0,technology
1591,2016-10-06,kyazoonga,online event ticketing platform,mumbai,ratan tata,seed funding,,,2016.0,ecommerce
1592,2016-10-06,paytunes,mobile based rewards platform,delhi,"cio angel network, indian angel network",private equity,500000.0,,2016.0,ecommerce
1593,2016-10-06,kickstart jobs,entry level hiring platform,gurgaon,"vivek joshi, mohit satyanand, amit banati, arun khanna",seed funding,,,2016.0,technology
1594,2016-10-06,freshee,household packaging & storage product manufacturer,mumbai,edelweiss private equity,private equity,,,2016.0,fmcg
1595,2016-10-06,madrat games,wearable gaming platform,bangalore,"ratan tata, bhavish aggarwal, ankit bhati, binny bansal, girish mathrubootham",seed funding,,,2016.0,technology
1596,2016-11-06,jazzmyride,auto parts & accessories etailer,delhi,tvs automobile solutions ltd,private equity,,,2016.0,ecommerce
1597,2016-11-06,autosense,data analytics based customer management services,delhi,tvs automobile solutions ltd,private equity,,,2016.0,technology
1598,2016-11-06,redsun telematics,internet of things platform,chennai,tvs automobile solutions ltd,private equity,,,2016.0,ecommerce
1599,NaT,khanagadi,online food delivery for train travelers,jaipur,50k ventures,seed funding,,,,ecommerce
1600,NaT,bombay shirt company,online custom shirt retailer,mumbai,undisclosed investor,private equity,1000000.0,,,ecommerce
1601,NaT,matrubharti,e-book publisher,,viridian capital,seed funding,30000.0,,,ecommerce
1602,NaT,edtechreview,education based online portal,delhi,evc ventures,seed funding,,,,ecommerce
1603,NaT,bonhomia,premium tea & coffee capsules maker,delhi,valpro capital and existing investors,private equity,,,,food
1604,NaT,gobolt,b2b logistics provider,delhi,mcube8,seed funding,,,,logistics
1605,NaT,jivox,data driven advertising platform,bangalore,"you & mr jones, fortisure ventures, diaz nesamoney",private equity,6000000.0,,,technology
1606,NaT,sminq,queue management mobile app,pune,"saama capital, blume ventures & vaibhav domkundwar",seed funding,1000000.0,,,ecommerce
1607,NaT,curejoy,online alternative health community platform,bangalore,accel partners india,private equity,4400000.0,,,ecommerce
1608,NaT,oneway.cab,taxi rental platform,vadodara,indian angel network,seed funding,450000.0,,,ecommerce
1609,NaT,grabonrent,on-demand product rental marketplace,bangalore,ivycap ventures and unicorn india ventures,private equity,,,,ecommerce
1610,NaT,diro labs,contact management mobile app,delhi,info edge (india) ltd,private equity,450000.0,,,ecommerce
1611,NaT,unnati helpers,help hiring platform,gurgaon,info edge (india) ltd,private equity,600000.0,,,ecommerce
1612,NaT,athletto,sports venue discovery and booking platform,bangalore,atul ingle,seed funding,,,,ecommerce
1613,NaT,saavn,web/mobile music streaming service,usa,guy oseary,private equity,,,,ecommerce
1614,NaT,voonik,online women xe2 x80 x99s fashion marketplace,bangalore,sequoia capital,private equity,20000000.0,,,ecommerce
1615,NaT,thinkphi,sustainable green tech solution developer,mumbai,nimmagadda prasad,seed funding,,,,technology
1616,NaT,cleartax,online tax filing platform,delhi,"ravi adusumalli, saif partners",private equity,12000000.0,,,ecommerce
1617,NaT,silvan innovation labs,home automation solutions,bangalore,infuse ventures,private equity,900000.0,,,technology
1618,NaT,greythr,payroll & hr software developer,bangalore,"new enterprise associates (nea), blume ventures",private equity,5200000.0,,,technology
1619,NaT,duffl,fashion rental marketplace,bangalore,betonindia technology pvt ltd,seed funding,,,,ecommerce
1620,NaT,byg,fitness centre discovery & booking mobile app,bangalore,"sanjay verma, amit khanna (letsventure)",seed funding,,,,ecommerce
1621,NaT,dipper,freight logistics marketplace,delhi,undisclosed investor,seed funding,,,,ecommerce
1622,NaT,qonfuse,online test papers for competitive exams,delhi,hamraj kumar,seed funding,,,,ecommerce
1623,NaT,the indian iris,govt policy research & information portal,ahmedabad,timbru ventures,seed funding,,,,ecommerce
1624,NaT,onspoon,online platform for event sponsorship,mumbai,swan angel network,seed funding,150000.0,,,ecommerce
1625,NaT,restate,real estate platform,bangalore,idein ventures,seed funding,,,,ecommerce
1626,NaT,cleartrip,online travel agency,mumbai,"concur technologies, gund investment",private equity,,,,ecommerce
1627,NaT,procmart,online procurement marketplace,noida,indiamart,private equity,,,,ecommerce
1628,NaT,celerix,fintech product development & services startup,bangalore,bitkemy ventures,seed funding,400000.0,,,technology
1629,NaT,naturenama,online outdoors & travel,mumbai,unicorn venture,seed funding,225000.0,,,ecommerce
1630,NaT,cyclopsmedtech,medical technology provider,bangalore,cp bothra,seed funding,,,,technology
1631,NaT,syona cosmetics,beauty products & training to salons & spas,chennai,the chennai angels,seed funding,150000.0,,,fmcg
1632,NaT,prettysecrets,women lingerie store,mumbai,"rb investments pte ltd, orios venture partners",private equity,6000000.0,,,ecommerce
1633,NaT,spiderg,online invoice app for smes,pune,"rahul kirloskar, fusion tech ventures, adi saravanan, pravin dongre, mahendra doshi",seed funding,150000.0,,,ecommerce
1634,NaT,fareye,logistics management software,delhi,saif partners,private equity,3500000.0,,,technology
1635,NaT,the uolo,school parent communication app,bangalore,"purvi ventures, rajul garg, vipin arora",seed funding,210000.0,,,ecommerce
1636,NaT,staqu,artificial intelligence based search platform,gurgaon,indian angel network,seed funding,,,,technology
1637,NaT,padhopadhao,home tutors search & discovery,delhi,rise india,private equity,,,,ecommerce
1638,NaT,drivify,professional driver discovery & booking mobile app,mumbai,"jitendra gupta, pankaj tripathi",seed funding,50000.0,,,ecommerce
1639,NaT,pratilipi,multi-lingual self-publishing platform,bangalore,nexus venture partners,seed funding,,,,ecommerce
1640,NaT,parablu,cloud data security & privacy solutions,bangalore,kalaari capital,seed funding,500000.0,,,technology
1641,NaT,schedulers logistics,cold storage logistics solutions,mumbai,gvfl,private equity,6000000.0,,,logistics
1642,NaT,leap india,supply chain equipment & services provider,mumbai,mayfield ventures,private equity,3000000.0,,,other
1643,NaT,kabadiexpress,free door step scrap pickup service,delhi,undisclosed investor,seed funding,148000.0,,,other
1644,NaT,yourdost,online counselling & personal coaching platform,bangalore,"saif partners, aprameya radhakrishnan, phanindra sama, subba rao telidevara, vibhu garg, paula ravindra mariwala, gaurav bhalotia",seed funding,1200000.0,,,ecommerce
1645,NaT,gomalon,online spa & salon discovery & booking platform,bangalore,undisclosed investor,seed funding,100000.0,,,ecommerce
1646,NaT,voler cars,self-driven car rental platform,delhi,"kanodia family, amit banka",seed funding,,,,ecommerce
1647,NaT,travelyaari,online ticket booking platform,bangalore,gvfl ltd,private equity,3000000.0,,,ecommerce
1648,NaT,fabhotels,online hotel aggregator & booking platform,gurgaon,"accel partners, rb investments",private equity,8000000.0,,,ecommerce
1649,NaT,locanix,gps based saas solutions,ahmedabad,undisclosed investors,seed funding,300000.0,,,technology
1650,NaT,lendingkart,online working capital business loans platform,ahmedabad,"bertelsmann india investments, mayfield india, saama capital, india quotient",private equity,32000000.0,,,ecommerce
1651,NaT,hello tax,online tax filing platform,delhi,sanjeev sinha,seed funding,295000.0,,,ecommerce
1652,NaT,mysuperbrain,online talent discovery platform for kids,hyderabad,soniks consulting,seed funding,,,,ecommerce
1653,NaT,blogbeats,online blogging platform,bangalore,undisclosed investor,seed funding,,,,ecommerce
1654,NaT,letreach,ecommerce saas solutions,delhi,vcommission,private equity,100000.0,,,ecommerce
1655,NaT,trendieapp,visual content marketing,kolkata,harsh vardhan hada,seed funding,50000.0,,,technology
1656,NaT,impactguru,crowdfunding platform,mumbai,piyush jain,seed funding,,,,ecommerce
1657,NaT,velvetcase,online designer jewellery marketplace,mumbai,"uniqorn ventures fund, tv mohandas pai, s somasegar",private equity,1500000.0,,,ecommerce
1658,NaT,meru cabs,online/ mobile tax cab booking,mumbai,brand capital,private equity,25000000.0,,,ecommerce
1659,NaT,campus diaries,student focussed content discovery portal,bangalore,aarin capital,seed funding,220000.0,,,ecommerce
1660,NaT,scripbox,online mutual fund investment platform,bangalore,"omidyar network, accel partners & existing investors",private equity,,,,ecommerce
1661,NaT,biryani blues,qsr chain,gurgaon,carpediem capital & others,private equity,368000.0,,,food
1662,2016-01-05,motomojo,mobile based vehicle maintenance app,mumbai,"niloufer dundh, fauzan rahim, balamurugan mani,",seed funding,,,2016.0,ecommerce
1663,2016-01-05,get my parking,parking technology platform,delhi,the chennai angels,seed funding,376000.0,,2016.0,technology
1664,2016-01-05,prescribez,health service aggregator platform,pune,ankush mehta,seed funding,145000.0,,2016.0,ecommerce
1665,2016-02-05,airwood,agri data & analytics platform,chennai,startupxseed ventures,seed funding,,,2016.0,technology
1666,2016-03-05,mobikwik,mobile & digital wallet,gurgaon,"gmo payment gateway, mediatek",private equity,50000000.0,,2016.0,ecommerce
1667,2016-03-05,idreamcareer,career planning services portal,delhi,brand capital,private equity,,,2016.0,ecommerce
1668,2016-03-05,zwayam,online recruitment platform,bangalore,undisclosed investors,seed funding,250000.0,,2016.0,ecommerce
1669,2016-03-05,boibanit,online food delivery platform,vadodara,undisclosed investors,seed funding,,,2016.0,ecommerce
1670,2016-03-05,zuver,car driver discovery app,mumbai,"shruth & smith group, hermes group",seed funding,180000.0,,2016.0,ecommerce
1671,2016-03-05,prepathon,competitive exam learning platform,mumbai,blume ventures,private equity,,,2016.0,edtech
1672,2016-04-05,easyroads,road trip planning mobile app,mumbai,"rohan angrish, hrishi oberoi, rahul mehta, kapil hetamsaria, pranav dedhia",seed funding,200000.0,,2016.0,ecommerce
1673,2016-04-05,lenskart,eyewear & accessories etailer,delhi,"international finance corp, tpg growth, adveq management, idg ventures, ratan tata, kris gopalakrishnan",private equity,60000000.0,,2016.0,ecommerce
1674,2016-04-05,seclore,enterprise security technology platform,mumbai,"sistema asia fund, helion venture, ventureeast, india alternatives",private equity,12000000.0,,2016.0,technology
1675,2016-04-05,solartown,solar rooftop system installation company,chennai,grex.in,seed funding,200000.0,,2016.0,technology
1676,2016-04-05,comarete,telecom & media it services company,pune,grex.in,seed funding,200000.0,,2016.0,technology
1677,2016-04-05,mydentistchoice,medical supplies etailer,hyderabad,undisclosed investors,seed funding,150000.0,,2016.0,ecommerce
1678,2016-04-05,active.ai,intelligent tech platform for finance vertical,singapore,kalaari capital accelerator program,seed funding,500000.0,,2016.0,technology
1679,2016-04-05,affordplan,affordable non-emergency medical service health plans,delhi,kalaari capital accelerator program,seed funding,500000.0,,2016.0,technology
1680,2016-04-05,indee,web video streaming platform,bangalore,kalaari capital accelerator program,seed funding,500000.0,,2016.0,ecommerce
1681,2016-05-05,unbxd,ecommerce product discovery software,delhi,"idg ventures, inventus capital, indian angel network",private equity,,,2016.0,technology
1682,2016-05-05,weballigator,cloud based software solutions,bangalore,group of undisclosed angel investors & hnis,seed funding,375000.0,,2016.0,ecommerce
1683,2016-06-05,eduace services,education workshops & mentoring programs,lucknow,momagic technologies,private equity,1000000.0,,2016.0,edtech
1684,2016-06-05,meesho,social commerce platform,bangalore,rajul garg & others,seed funding,,,2016.0,ecommerce
1685,2016-07-05,zebroads,logistics and warehousing services,hyderabad,undisclosed investors,seed funding,75000.0,,2016.0,logistics
1686,2016-09-05,locus,logistics intelligence platform,bangalore,"exfinity venture partners, blume ventures, beenext, rajesh ranavat",private equity,2750000.0,,2016.0,technology
1687,2016-09-05,toko innovations,children xe2 x80 x99s entertainment portal,bangalore,"roopak saluja, vishal khare",seed funding,450000.0,,2016.0,ecommerce
1688,2016-09-05,rentickle,"furniture, appliances portal",delhi,"manish kheterpal, vinay mittal, dinesh mittal, sandeep gupta",seed funding,250000.0,,2016.0,ecommerce
1689,2016-10-05,healthifyme,health & fitness app,bangalore,"idg ventures india, inventus capital, blume ventures",private equity,6000000.0,,2016.0,ecommerce
1690,2016-10-05,zarget,conversion rate optimization platform,chennai,"accel partners, matrix partners, girish mathrubootham",private equity,1500000.0,,2016.0,ecommerce
1691,2016-10-05,innonano research,clean water technology,chennai,nanoholdings,private equity,18000000.0,,2016.0,technology
1692,2016-10-05,schoolwear,school uniform & supplies marketplace,mumbai,undisclosed investors,seed funding,1500000.0,,2016.0,ecommerce
1693,2016-10-05,swiggy,food delivery platform,bangalore,"norwest venture partners, dst global, accel partners",private equity,7000000.0,,2016.0,ecommerce
1694,2016-11-05,zenify,home rental discovery & booking portal,bangalore,undisclosed investors,private equity,900000.0,,2016.0,ecommerce
1695,2016-11-05,faircent,online peer to peer lending platform,gurgaon,"jm financial products ltd, arun tadanki, doreswamy nandkishore, kshitij jain",private equity,,,2016.0,ecommerce
1696,2016-11-05,fractal analytics,data analytics company,mumbai,khazanah nasional berhad,private equity,100000000.0,,2016.0,technology
1697,2016-12-05,unacademy,free online education platform,bangalore,"blume ventures, rajan anandan, sumit jain, aprameya radhakrishna, sujeet kumar, phanindra sama",seed funding,500000.0,,2016.0,ecommerce
1698,2016-12-05,capital float,online lending platform,bangalore,"creation investments capital management, saif partners, sequoia capital, aspada ventures",private equity,25000000.0,,2016.0,ecommerce
1699,2016-12-05,life circle,senior healthcare services,hyderabad,groupe sos,private equity,150000.0,,2016.0,healthcare
1700,2016-12-05,dream wallets,online crowdfunding platform,jaipur,"rakesh gupta, aditya aggarwal, siddharth banerjee, vikas ranjan, anshul jindal, sunil koul, and sanjeev agrawal",seed funding,,,2016.0,ecommerce
1701,2016-12-05,shabdnagari,hindi social networking portal,kanpur,ah ventures,seed funding,,,2016.0,ecommerce
1702,2016-12-05,galleri5,visual content discovery platform,bangalore,"phanindra sama, raghunandan g,",seed funding,,,2016.0,ecommerce
1703,2016-12-05,derbii,carpooling services,gurgaon,anurag chauhan,seed funding,,,2016.0,logistics
1704,NaT,stayzilla,budget room aggregator booking platform,chennai,"matrix partners, nexus ventures",private equity,13500000.0,,,ecommerce
1705,NaT,wow express,e-commerce logistics solutions,mumbai,undisclosed investors & tamarind family private trust,private equity,2200000.0,,,logistics
1706,NaT,smartivity,smart learning products,delhi,"s chand, advantedge partners",private equity,1000000.0,,,ecommerce
1707,NaT,bedbathmore,home decor emarketplace,mumbai,"kinnevik group, rocket internet",private equity,,,,ecommerce
1708,NaT,murgency,medical emergency response app,mumbai,rata tata,private equity,,,,ecommerce
1709,NaT,crownit,mobile customer rewards management platform,gurgaon,"undisclosed investors, accel partners, helion venture partners",private equity,,,,ecommerce
1710,NaT,blinge,apparel rental platform,mumbai,"anupam mittal, anuj srivastava, ankit nagori",seed funding,,,,ecommerce
1711,NaT,thesmartq,food ordering mobile app,bangalore,yournest angel fund,seed funding,250000.0,,,ecommerce
1712,NaT,purplehealth,online health-on-demand platform,trivandrum,katabole technology venture,seed funding,100000.0,,,ecommerce
1713,NaT,fundamentor,aptitude development program,pune,subramanya sv,seed funding,,,,edtech
1714,NaT,edupristine,online certification courses,mumbai,"kaizen management advisors, devry inc",private equity,10000000.0,,,edtech
1715,NaT,bhiveworkspace,co-working spaces,bangalore,blume ventures,private equity,1000000.0,,,technology
1716,NaT,parentlane,parenting & child care app,bangalore,"sujeet kumar, aprameya, sumit jain, subramanya venkat, venk, ravi machani, hitesh gupta, rohit choudhary",seed funding,,,,ecommerce
1717,NaT,appie,location-based offline retail discovery platform,mumbai,undisclosed investors,seed funding,1000000.0,,,ecommerce
1718,NaT,niki.ai,artificial intelligence platform,bangalore,ratan tata,private equity,,,,technology
1719,NaT,taxivaxi,cab aggregating platform,delhi,undisclosed hnis,seed funding,500000.0,,,ecommerce
1720,NaT,veqta,on demand digital sports network,delhi,"chatsworth management, itw digital",seed funding,500000.0,,,ecommerce
1721,NaT,i2ifunding,online peer to peer funding,noida,undisclosed investors,seed funding,300000.0,,,ecommerce
1722,NaT,edurev,online learning platform,gurgaon,pradeep reddy kamasan,seed funding,,,,ecommerce
1723,NaT,hoppingo,fashion discovery platform,delhi,vcommission,seed funding,89000.0,,,ecommerce
1724,NaT,eatonomist,food delivery platform,gurgaon,mcube capital advisors pvt ltd,seed funding,,,,ecommerce
1725,NaT,goalwise,online investment platform,bangalore,undisclosed hnis,seed funding,1000000.0,,,ecommerce
1726,NaT,roast,mobile entertainment app,delhi,indian angel network,seed funding,,,,ecommerce
1727,NaT,address health,pediatric primary healthcare network,bangalore,gray matters capital,private equity,1500000.0,,,healthcare
1728,NaT,arcatron mobility,mobility devices for differently abled,pune,sudhir mehta,seed funding,100000.0,,,technology
1729,NaT,shethepeople,digital platform for women,delhi,anand mahindra,seed funding,,,,ecommerce
1730,NaT,cleartax,online income tax filing platform,bangalore,"ff angel, sequoia capital",private equity,2000000.0,,,ecommerce
1731,NaT,consure medical,medical devices kit manufacturer,delhi,"accel partners, indian angel network, india innovation fund india venture partners",private equity,,,,healthcare
1732,NaT,mchamp,celebrity entertainment contest app,delhi,momagic technologies,seed funding,475000.0,,,ecommerce
1733,NaT,pianta,online healthcare service discovery platform,bangalore,"kunal shah, sandeep tandon",seed funding,,,,ecommerce
1734,NaT,vahanalytics,safe driving analytics platform,mumbai,"anirudh damani, vikram lakhotia",seed funding,200000.0,,,technology
1735,NaT,play your sport,location based sports & fitness discovery app,delhi,ashish gupta and other undisclosed investors,seed funding,,,,ecommerce
1736,NaT,koovs,apparel & lifestyle etailer,delhi,ht media ltd,private equity,4400000.0,,,ecommerce
1737,NaT,ccavenue,payment gateway,mumbai,nsi infinium global pvt. ltd,private equity,8900000.0,,,ecommerce
1738,NaT,1mg,online pharmacy,gurgaon,hbm healthcare investments,private equity,,,,ecommerce
1739,NaT,tpot,qsr chain,gurgaon,ashish gupta,seed funding,,,,food
1740,NaT,machadalo,hyperlocal advertising platform,mumbai,undisclosed investors,seed funding,175000.0,,,ecommerce
1741,2016-01-04,dil mil,matchmaking mobile app,sfo,"nelstone ventures, transmedia capital, maiden lane ventures, csc upshot & angel investors",private equity,2700000.0,,2016.0,ecommerce
1742,2016-01-04,picsdream,online marketplace for photographers,delhi,raman roy,seed funding,,,2016.0,ecommerce
1743,2016-01-04,process 9,online translation and transliteration,gurgaon,"indian angel network, alok sharma, kris gopalakrishnan, saurabh srivastava, and ajai chowdhry",seed funding,,,2016.0,ecommerce
1744,2016-04-04,housing,real estate portal,mumbai,vineet singh,private equity,,,2016.0,ecommerce
1745,2016-04-04,roll mafia,rolls & biryanis qsr chain,pune,equentia natural resource & other undisclosed investors,seed funding,,,2016.0,food
1746,2016-04-04,hungama,digital media entertainment portal,mumbai,xiaomi inc,private equity,25000000.0,,2016.0,ecommerce
1747,2016-04-04,highway delite,various highway help services,bangalore,n.s. raghavan centre for entrepreneurial learning,seed funding,,,2016.0,ecommerce
1748,2016-05-04,cult fitness,healthcare training programs,bangalore,mukesh bansal,seed funding,,,2016.0,healthcare
1749,2016-05-04,haptik,personal assistant app,mumbai,times internet ltd,private equity,,,2016.0,technology
1750,2016-05-04,servify,gadget & appliances service app,mumbai,"blume ventures, barkawi holdings gmbh, tm service technology holdings gmbh",private equity,,,2016.0,ecommerce
1751,2016-06-04,shipsy,logistics solutions,gurgaon,dtdc express ltd,private equity,1000000.0,,2016.0,logistics
1752,2016-06-04,gear6,online bike service and repairs platform,bangalore,ninestarter,seed funding,500000.0,,2016.0,ecommerce
1753,2016-06-04,myglamm,mobile based on-demand beauty services platform,mumbai,l xe2 x80 x99occitane,private equity,6000000.0,,2016.0,ecommerce
1754,2016-06-04,petoo,online food delivery platform,bangalore,axilor ventures,private equity,1000000.0,,2016.0,ecommerce
1755,2016-07-04,truly social,mobile gaming studio,london,nazara technologies pvt ltd,private equity,,,2016.0,ecommerce
1756,2016-08-04,little black book,"curated food, event & lifestyle guide",delhi,"idg, indian angel network",seed funding,,,2016.0,ecommerce
1757,2016-08-04,vahan,mobile education platform,chennai,villgro,seed funding,,,2016.0,edtech
1758,2016-08-04,imedilane,online health diagnosis platform,delhi,"mahendra patel, nilender chauhan",seed funding,40000.0,,2016.0,ecommerce
1759,2016-11-04,living local,social discovery platform,mumbai,rattan chadha,seed funding,200000.0,,2016.0,ecommerce
1760,2016-11-04,vegfru,online fruit & vegetable marketplace,delhi,wingify,seed funding,,,2016.0,ecommerce
1761,2016-11-04,oyo,online branded budget room booking service,delhi,"softbank, sequoia capital, lightspeed venture partners, greenoaks capital, dsg consumer partners and venture nursery",private equity,100000000.0,,2016.0,ecommerce
1762,2016-11-04,priceraja,price comparison portal,gurgaon,prashant puri,seed funding,300000.0,,2016.0,ecommerce
1763,2016-12-04,magicx,on-demand task management app,bangalore,"kris gopalakrishnan, dr. ranjan pai",seed funding,1000000.0,,2016.0,ecommerce
1764,2016-12-04,happydemic,artist discovery & booking platform,mumbai,shaan,seed funding,,,2016.0,ecommerce
1765,2016-12-04,lendenclub,peer-to-peer lending platform,mumbai,"anirudh damani, daud ali, narendra karnavat, vikas kapoor, vikram lakhotia, krishna jhunjhunwaala, jayesh shah",seed funding,,,2016.0,fintech
1766,2016-12-04,indi.com,video social network,,anil kapoor,seed funding,,,2016.0,ecommerce
1767,NaT,legalraasta,online legal services for startups,delhi,"pravin khandelwal, yatin kumar jain",seed funding,1000000.0,,,ecommerce
1768,NaT,raincan,subscription-based grocery delivery mobile app,pune,dr. aniruddha malpani,seed funding,150000.0,,,ecommerce
1769,NaT,hippily,fashion ecommerce app,mumbai,"dr. sridhar ramaswamy, rakesh mathur",seed funding,250000.0,,,ecommerce
1770,NaT,kredx,invoice discounting xc2 xa0 marketplace,bangalore,"prime venture partners,",seed funding,750000.0,,,ecommerce
1771,NaT,wedwise,wedding related services community,delhi,startup equity partners,seed funding,,,,ecommerce
1772,NaT,beaconstalk,contextual mobile advertising,mumbai,"rajeev agrawal, prashant gooty",seed funding,100000.0,,,technology
1773,NaT,deal 4loans,loan comparison portal,noida,"ram shriram, neeraj arora, puru vashishtha",seed funding,,,,ecommerce
1774,NaT,renewbuy,online car & bike insurance comparison portal,delhi,mount nathan advisors,seed funding,1000000.0,,,ecommerce
1775,NaT,blue box media,online tech portals,jaipur,"mahavir pratap sharma, ajay data, yogesh chaudhary, sanjay phophaliya, siddharth agarwal, kamal kothari",seed funding,,,,ecommerce
1776,NaT,vyomo,on-demand beauty service provider,delhi,naturals salon chain,private equity,15000000.0,,,ecommerce
1777,NaT,organicshop,marketplace for organic products,jaipur,"vivek nathani, yogesh chaudhary, mahavir pratap sharma, kamal kothari, h c jain",seed funding,,,,ecommerce
1778,NaT,mind your fleet,car rental software,noida,undisclosed investors,seed funding,,,,ecommerce
1779,NaT,nestaway,furnished home rental platform,bangalore,tiger global,private equity,30000000.0,,,ecommerce
1780,NaT,tapchief,expert advice platform,bangalore,vijay shekhar sharma,seed funding,150000.0,,,ecommerce
1781,NaT,rapido,bike aggregator app,bangalore,"pawan munjal, advantedge partners, astarc ventures",private equity,,,,ecommerce
1782,NaT,yufta,women xe2 x80 x99s fashion ecommerce portal,bangalore,ajay data & other hnis,seed funding,,,,ecommerce
1783,NaT,smytten,online discovery and shopping platform,gurgaon,rajan anandan,seed funding,,,,ecommerce
1784,NaT,houssup,interior design and home furnishing portal,jaipur,"mitin patel, gaurav agarwal",seed funding,,,,ecommerce
1785,NaT,jugnoo,on-demand delivery & logistics platform,chandigarh,paytm & existing investors,private equity,10000000.0,,,ecommerce
1786,NaT,tork motocycles,electric motorcycle manufacturer,pune,"bhavish aggarwal, ankit bhati",seed funding,,,,mobility
1787,NaT,betaout,customer intelligence and marketing automation platform,noida,"stanford angels, letsventure, chennai angels, hyderabad angels, mumbai angels",private equity,1500000.0,,,ecommerce
1788,NaT,driverscart,on-demand chauffeur provider,chennai,ah ventures,seed funding,450000.0,,,ecommerce
1789,NaT,lenskart,eyewear etailing platform,delhi,ratan tata,private equity,,,,ecommerce
1790,NaT,collegedekho,college & student information platform,delhi,man capital,private equity,2000000.0,,,ecommerce
1791,NaT,oyofit,fitness services aggregator platform,bangalore,rn agarwal,seed funding,,,,ecommerce
1792,NaT,oliveboard,online exam practice & preparation platform,bangalore,india educational investment fund,private equity,,,,ecommerce
1793,NaT,simplilearn,online certification platform,bangalore,brand capital,private equity,,,,ecommerce
1794,NaT,1mg,online pharmacy,gurgaon,"maverick capital ventures, sequoia capital, omidyar network",private equity,15000000.0,,,ecommerce
1795,NaT,fashalot,fashion and store discovery mobile app,delhi,"yournest angel fund, rajul garg",seed funding,,,,ecommerce
1796,NaT,broomberg,cleaning services provider,delhi,undisclosed angel investors & hnis,seed funding,,,,ecommerce
1797,NaT,m.paani,loyalty rewards platform,mumbai,"blume ventures, adil allana, aprameya radhakrishna, gautam ivatury, signal point partners",seed funding,,,,ecommerce
1798,NaT,yufta,hyperlocal fashion retail platform,jaipur,ajay data & undisclosed hnis,seed funding,,,,ecommerce
1799,NaT,mishtag,"style, fashion discovery mobile app",delhi,"m&y partners, svg media, anthil ventures & others",seed funding,,,,ecommerce
1800,NaT,advanced structures india,automotive design and engineering company,bangalore,girnarsoft,private equity,,,,mobility
1801,NaT,licious,mobile based meat ordering app,bangalore,mayfield india ii management ltd,private equity,3000000.0,,,ecommerce
1802,NaT,knolskae,educational gamification & simulation platform,bangalore,"inventus capital partners, hr fund",private equity,,,,ecommerce
1803,NaT,druva,converged backup & data protection solutions for enterprises,pune,"ntt finance, telephone corporation",private equity,,,,technology
1804,NaT,toko innovation studios,children xe2 x80 x99s entertainment games & products,delhi,indian angel network,seed funding,450000.0,,,ecommerce
1805,NaT,commut,shuttle service provider,hyderabad,50k ventures,seed funding,200000.0,,,ecommerce
1806,NaT,intouchapp,contact management mobile app,pune,blume ventures,seed funding,,,,ecommerce
1807,NaT,dropkaffe,ready-to-drink beverage producer,bangalore,"growthstory, apurva salapuria, hitesh oberoi, sidharth pansari, nirupa shankar",seed funding,550000.0,,,food
1808,NaT,transerv,digital payments platform,mumbai,"idfc spice fund, micromax informatics",private equity,15000000.0,,,ecommerce
1809,NaT,cleartax,online filing of tax returns,bangalore,"max levchin, scott banister",private equity,1300000.0,,,ecommerce
1810,NaT,roposo,social fashion ecommerce discovery platform,gurgaon,bertelsmann india investments,private equity,15000000.0,,,ecommerce
1811,NaT,milkbasket,micro grocery delivery platform,gurgaon,evc ventures,seed funding,500000.0,,,ecommerce
1812,NaT,careongo,online pharmacy,,"farooq oomerbhoy, anupam mittal, anand mittal, ravi garikipati, vibhu garg, singapore angel network, konglo ventures",seed funding,,,,ecommerce
1813,NaT,railyatri,train related information portal,noida,"nandan nilekani, helion ventures, omidyar networks, blume ventures",private equity,,,,ecommerce
1814,NaT,ichr,mobile based children health information app,delhi,undisclosed,seed funding,450000.0,,,ecommerce
1815,NaT,murgency,medical emergency response app,mumbai,axilor ventures,private equity,,,,ecommerce
1816,NaT,the wedding brigade,online wedding information portal,mumbai,blume ventures & other unnamed investors,seed funding,600000.0,,,ecommerce
1817,NaT,docsapp,online doctor discovery & chat platform,bangalore,"rebright partners, anand rajaraman, venky harinarayan",private equity,1200000.0,,,ecommerce
1818,NaT,impact guru,online crowdfunding platform for ngos & social projects,mumbai,"rb investments, fundnel",seed funding,500000.0,,,ecommerce
1819,NaT,letreach,ecommerce saas solutions,delhi,vcommission,private equity,100000.0,,,ecommerce
1820,2016-01-03,driveu,chauffeurs discovery for private car owners,bangalore,unitus seed fund,seed funding,,,2016.0,ecommerce
1821,2016-01-03,gympik,"fitness centres, gym discovery online marketplace",bangalore,roundglass partners,private equity,,,2016.0,ecommerce
1822,2016-01-03,testbook,online test preparation platform,mumbai,s chand & co,private equity,,,2016.0,ecommerce
1823,2016-01-03,iqlect,big data analytics platform,bangalore,"lip-bu tan, michael marks, nicolas braithwaite",private equity,,,2016.0,technology
1824,2016-02-03,momark,mobile wallet aggregation platform,noida,yournest angel fund,private equity,600000.0,,2016.0,ecommerce
1825,2016-02-03,skedool,ai based office assistant mobile app,seattle,"kludein llc nphanindra sama, narayan ramachandran, pranav pai",seed funding,,,2016.0,ecommerce
1826,2016-02-03,systemantics,industrial robots maker,bangalore,"nandan nilekani, accel partners",private equity,1400000.0,,2016.0,technology
1827,2016-03-03,vertuals,audio visual digital content creators for brands,mumbai,dino morea,seed funding,,,2016.0,technology
1828,2016-03-03,imarticus learning,financial services & analytics education institute,mumbai,"blinc advisors, amit nanavati, tashwinder singh, taranjit jaswal, amit khanna",private equity,1000000.0,,2016.0,edtech
1829,2016-03-03,shouut,social discovery mobile app,delhi,undisclosed investor,seed funding,500000.0,,2016.0,ecommerce
1830,2016-04-03,tinystep,parenting social network platform,bangalore,matt glickman,private equity,,,2016.0,ecommerce
1831,2016-04-03,aahaa,office products super store,chennai,"yournest angel fund,",private equity,1000000.0,,2016.0,ecommerce
1832,2016-04-03,arcatron mobility,smart wheelchair design and development,pune,"sudhir mehta, anoop hingorani",seed funding,,,2016.0,technology
1833,2016-04-03,ftcash,mobile payments platform,kolkata,ivycap ventures,seed funding,150000.0,,2016.0,ecommerce
1834,2016-04-03,civilsdaily,civil services news aggregator,delhi,manoj kumar & other undisclosed investors,seed funding,,,2016.0,ecommerce
1835,2016-04-03,zappka,mobile app discovery and review platform,gurgaon,"daman soni, rajat gupta & others",seed funding,100000.0,,2016.0,ecommerce
1836,2016-04-03,tarusa world,handicraft products etailer,mumbai,mohit gulati,seed funding,,,2016.0,ecommerce
1837,2016-04-03,medecube,healthcare related services provider,gurgaon,artiman ventures,private equity,4000000.0,,2016.0,healthcare
1838,2016-07-03,n.o.w,bike taxi service & hyperlocal delivery app,noida,"ruchirans jaipuria, anuj sanghi",seed funding,500000.0,,2016.0,ecommerce
1839,2016-07-03,ninjacart,b2b marketplace for farmers & retailers,bangalore,"accel partners, qualcomm ventures, m&s partners, zop smart",private equity,3000000.0,,2016.0,ecommerce
1840,2016-07-03,reach,cross platform p2p file sharing mobile app,bangalore,"rebright partners, sol primero, sudhir anandarao, ankur warikoo, ankur singla",seed funding,500000.0,,2016.0,ecommerce
1841,2016-07-03,vanity cube,hyperlocal beauty services platform,delhi,unicorn ventures,seed funding,250000.0,,2016.0,ecommerce
1842,2016-07-03,wooplr,curated fashion ecommerce portal,bangalore,"naveen tewari, abhay singhal, amit gupta, piyush shah, raghunandan g, rajiv mehta",seed funding,,,2016.0,ecommerce
1843,2016-07-03,medidaili,medical support service platform,bangalore,undisclosed private investors,seed funding,100000.0,,2016.0,ecommerce
1844,2016-08-03,finomena,credit worthiness big data analytics,delhi,matrix partners india,private equity,,,2016.0,technology
1845,2016-08-03,cookaroo,food delivery platform,bangalore,vijay krishna yadav,seed funding,,,2016.0,ecommerce
1846,2016-08-03,vphrase analytics,ai based data analytics platform,mumbai,"apoorv ranjan sharma, daud ali and others",seed funding,,,2016.0,technology
1847,2016-08-03,lovecycles,women xe2 x80 x99s health tracker,bangalore,prime venture partners,seed funding,750000.0,,2016.0,ecommerce
1848,2016-08-03,kartrocket,ecommerce saas platform,delhi,"undisclosed japanese investor, bertelsmann india investments, nirvana digital india fund, nirvana digital investment holding co ltd, 500 start-ups",private equity,8000000.0,,2016.0,ecommerce
1849,2016-08-03,dunzo,daily task management app,bangalore,"aspada investment advisors, blume ventures.",seed funding,650000.0,,2016.0,ecommerce
1850,2016-09-03,indiamart,b2b marketplace for smbs,noida,amadeus capital,private equity,,,2016.0,ecommerce
1851,2016-09-03,smartvizx,virtual reality solutions,noida,"indian angel network, stanford angels, entrepreneurs india",seed funding,500000.0,,2016.0,technology
1852,2016-09-03,mygubbi,interior design & home d xc3 xa9cor solutions,bangalore,"vipul parekh, ajesh k murthy,",seed funding,2500000.0,,2016.0,real_estate
1853,2016-09-03,nukkad shops,hyperlocal grocery delivery service,hyderabad,purpletalk inc,seed funding,1000000.0,,2016.0,ecommerce
1854,2016-09-03,cloudacar,carpooling mobile app,pune,"amit choudhary, anuj puri",seed funding,,,2016.0,ecommerce
1855,2016-09-03,justride,self drive car rental,mumbai,dheeraj jain & other angel investors,seed funding,400000.0,,2016.0,ecommerce
1856,2016-09-03,yana,personal ai transaction engine app,gurgaon,"puneet gupta,",seed funding,,,2016.0,ecommerce
1857,2016-10-03,big fish ventures,premium dining lounges chain,delhi,undisclosed investors,private equity,11100000.0,,2016.0,food
1858,2016-10-03,stylflip,pre-owned fashion marketplace mobile app,mumbai,"raj gala shah, zaheer memon",seed funding,,,2016.0,ecommerce
1859,2016-10-03,icertis,contract management software solutions platform,pune,"ignition partners, greycroft partners, fidelity growth partners india",private equity,15000000.0,,2016.0,technology
1860,2016-10-03,supplified,construction material etailer,delhi,mohit goel,seed funding,1000000.0,,2016.0,ecommerce
1861,2016-11-03,jollyfoodfellow,food related marketing & branding platform,ahmedabad,janak parikh,seed funding,,,2016.0,technology
1862,NaT,pinkblue,medical supplies etailer,bangalore,"hari krishna, ajay modani, dr v ravinder, anirudh rastogi, abhishek jain, rakesh gakhar, rajeev mudumba, nagendra prasad bhanuprakash",seed funding,223608.0,,,ecommerce
1863,NaT,truckingcube,"domestic, commercial, and industrial goods movers",delhi,agarwal movers group,private equity,14900000.0,,,logistics
1864,NaT,eswasthya,online medicine delivery aggregator,ahmedabad,hemang sahani,seed funding,,,,ecommerce
1865,NaT,flipclass,tutor search platform,bangalore,"s chand and co pvt ltd, blume ventures",private equity,1000000.0,,,ecommerce
1866,NaT,proximit,advertising technology,pune,funding through 1crowd platform,seed funding,150000.0,,,technology
1867,NaT,withme,personalized fashion app,gurgaon,"alex kuruvilla, pradeep guha, saket dhankar, rajan pandhare",seed funding,250000.0,,,ecommerce
1868,NaT,gapoon,hyperlocal home maintenance services,bangalore,"chandrashekar tallapragada, pankaj kapoor",seed funding,180000.0,,,ecommerce
1869,NaT,avagmah,online education portal,bangalore,"kris gopalakrishnan, atul nishar",seed funding,,,,ecommerce
1870,NaT,workindia,online job board,mumbai,beenext,seed funding,,,,ecommerce
1871,NaT,wealthy,online investment management portal,bangalore,"zishaan hayath, abhishek goyal, arjun and rohan malhotra, harpreet singh grover, gagan dugal",seed funding,250000.0,,,ecommerce
1872,NaT,pramati,specialized patient care platform,noida,undisclosed investors,seed funding,200000.0,,,healthcare
1873,NaT,qlivery,ondemand concierge service,gurgaon,swastika company ltd,seed funding,230000.0,,,ecommerce
1874,NaT,healthenablr,doctor discovery and booking platform,mumbai,undisclosed investors,seed funding,800000.0,,,ecommerce
1875,NaT,liftiee,car/ bike pooling app,mumbai,"rannvijay singh, anita hassanandani",seed funding,108000.0,,,ecommerce
1876,NaT,hello curry,quick service restaurant chain,hyderabad,sashi reddi & other unnamed investors,private equity,1500000.0,,,food
1877,NaT,gosporto,online sports discovery and booking platform,delhi,naveen gupta,seed funding,30000.0,,,ecommerce
1878,NaT,oneclickwash,online laundry & washing service booking & delivery,gurgaon,unitus seed fund,seed funding,,,,ecommerce
1879,NaT,girnar software,online news media network,jaipur,google capital,private equity,,,,ecommerce
1880,NaT,room on call,budget hotel aggregator,gurgaon,cashurdrive marketing pvt ltd,private equity,2000000.0,,,ecommerce
1881,NaT,byjuxe2x80x99s,educational video content creator,bangalore,"sequoia india, sofina",private equity,75000000.0,,,ecommerce
1882,NaT,bigbasket,online grocery shop,bangalore,abraaj group,private equity,150000000.0,,,ecommerce
1883,NaT,drivojoy,on-demand 2-wheeler servicing platform,bangalore,"indian angel network, tracxn labs & others",seed funding,600000.0,,,ecommerce
1884,NaT,smartron,internet of things device manufacturer,bangalore,sachin tendulkar,private equity,,,,technology
1885,NaT,lifcare,online pharmacy portal,jaipur,"rajul garg, alok mittal, kunal shah, rishi mandawat, dheeraj jain, sandeep tandon, dexter angel circle",seed funding,,,,ecommerce
1886,NaT,creditseva,online credit management tools,hyderabad,"pix vine capital, infocomm development authority of singapore",seed funding,360000.0,,,ecommerce
1887,NaT,cityshor,online lifestyle media recommendation portal,ahmedabad,gain,seed funding,,,,ecommerce
1888,NaT,endless robotics,interior painting automation,hyderabad,"devidas desai, vipul gautam, singapore angel network",seed funding,100000.0,,,technology
1889,NaT,sp robotics,robotic classes for students,chennai,"indian angel network,",seed funding,300000.0,,,technology
1890,NaT,stalkbuylove,fashion etailer,delhi,"500 startups, littlerock, singularity ventures",seed funding,,,,ecommerce
1891,NaT,ekincare,healthcare related solutions,hyderabad,"bitchemy ventures, maheshwari investments pvt ltd, anshoo gaur, rama krishna reddy, sandeep seerapu",private equity,330000.0,,,ecommerce
1892,NaT,hashlearn,mobile based private tutoring services,,"bhavish aggarwal, binny bansal, xc2 xa0 rajan anandan, mekin maheshwar, sunil kalra, anupam mittal, krishna mehra, singapore angel network",seed funding,,,,ecommerce
1893,NaT,wheelstreet,online bike rental platform,bangalore,broadbean capital services,private equity,500000.0,,,ecommerce
1894,NaT,horntell,unified push notification service,gurgaon,"bharanidharan viswanathan, sanjiv mittal, shobhit shukla, rahul agarwal",seed funding,150000.0,,,ecommerce
1895,NaT,schoolkart,online marketplace for schools,noida,undisclosed investors,seed funding,300000.0,,,ecommerce
1896,NaT,healtheminds,online mental healthcare,bangalore,robin utthappa,seed funding,,,,ecommerce
1897,NaT,babygogo,child healthcare experts aggregator mobile app,delhi,"rajul garg, daljit singh, aditya vij, kishore kumar, shuchin bajaj",seed funding,300000.0,,,ecommerce
1898,NaT,veritas finance,asset based lending platform,chennai,sarva capital,private equity,4700000.0,,,fintech
1899,NaT,qikship,mobile based logistics provider,delhi,undisclosed investors,seed funding,200000.0,,,ecommerce
1900,NaT,fixnix,grc saas platform,chennai,jay vijayan,seed funding,500000.0,,,ecommerce
1901,NaT,true balance,mobile balance check app,gurgaon,softbank ventures korea,private equity,,,,technology
1902,NaT,touchkin,predictive healthcare platform,bangalore,"alok mittal, amit gupta, anuj srivastava, himanshu aggarwal, raghunandan g, puneet agarwal",seed funding,400000.0,,,healthcare
1903,NaT,switchme,home loan rate comparison platform,mumbai,"mohandas pai, hiro mashita, singapore angel network, 500 startups, rajan anandan, ajay sarupria",seed funding,,,,ecommerce
1904,NaT,transcell,family stem cell banking services,hyderabad,indian angel network,seed funding,,,,healthcare
1905,2016-01-02,blue tokai coffee,specialty coffee etailer,delhi,snow leopard technology ventures,seed funding,,,2016.0,ecommerce
1906,2016-02-02,altizone,iot & m2m solutions,pune,"wipro ventures, xc2 xa0 lumis partners",private equity,4000000.0,,2016.0,technology
1907,2016-02-02,oust app,competitive exam preparation platform,bangalore,"t v mohandas pai, xc2 xa0 aarin capital",seed funding,,,2016.0,ecommerce
1908,2016-02-02,strike,mobile email productivity tool,bangalore,multiple investors through ten minute million competition,seed funding,22500.0,,2016.0,ecommerce
1909,2016-02-02,maaxmarket,marketing automation platform,,multiple investors through ten minute million competition,seed funding,22500.0,,2016.0,ecommerce
1910,2016-02-02,gamooz,augmented reality solutions,gurgaon,multiple investors through ten minute million competition,seed funding,22500.0,,2016.0,technology
1911,2016-02-02,soundsurround,audio technology solutions,mumbai,multiple investors through ten minute million competition,seed funding,22500.0,,2016.0,technology
1912,2016-03-02,mazkara,beauty & wellness platform,pune,dunamis ventures pte ltd.,seed funding,1000000.0,,2016.0,ecommerce
1913,2016-03-02,roadgods,auto spare parts etailer,delhi,green house ventures (ghv),seed funding,100000.0,,2016.0,ecommerce
1914,2016-03-02,pindropmusic,music discovery mobile app,noida,green house ventures (ghv),seed funding,100000.0,,2016.0,ecommerce
1915,2016-03-02,woodpie,book recommendation service,bangalore,ingram content group,seed funding,30000.0,,2016.0,ecommerce
1916,2016-04-02,perfumery,fragrances & perfume etailer,delhi,oranda global & others,seed funding,30000.0,,2016.0,ecommerce
1917,2016-05-02,magic crate,children education platform,bangalore,"tv mohandas pai, aarin capital",seed funding,,,2016.0,edtech
1918,2016-05-02,zendrive,safe driving data & analytics platform,bangalore,"sherpa capital, nyca partners and thomvest ventures",private equity,13500000.0,,2016.0,technology
1919,2016-05-02,smartcooky,marketplace for health foods,delhi,"vandana luthra,",private equity,,,2016.0,ecommerce
1920,2016-05-02,turtlemint,online personalized insurance platform,mumbai,nexus venture partners,private equity,,,2016.0,ecommerce
1921,2016-05-02,bhive,workspace rentals,bangalore,"raghunandan g, venturesity, arihant patni",seed funding,,,2016.0,real_estate
1922,2016-05-02,gingercrush,personalized products & merchandize etailer,vadodara,"saha fund, tv mohandas pai, zia mody, mumbai angels, ananda kallugadde, rakesh desai, rakesh malhotra",private equity,1000000.0,,2016.0,ecommerce
1923,2016-05-02,american vision,optical store aggregator platform,pune,undisclosed investors,seed funding,81000.0,,2016.0,ecommerce
1924,2016-05-02,dawailelo,healthcare services & online pharmacy mobile app,varanasi,undisclosed investors,seed funding,52000.0,,2016.0,ecommerce
1925,2016-06-02,heads up for tails,pet products etailer,delhi,undisclosed investors,seed funding,1000000.0,,2016.0,ecommerce
1926,2016-06-02,livenutrifit,weight loss & healthcare info portal,delhi,"mohit goel, vinod jain & others",seed funding,,,2016.0,healthcare
1927,2016-08-02,moglix,industrial & home products marketplace,delhi,ratan tata,private equity,,,2016.0,ecommerce
1928,2016-08-02,istyleyou,personal fashion stylist app,gurgaon,green house ventures (ghv),seed funding,100000.0,,2016.0,ecommerce
1929,2016-08-02,adurcup,ad network,delhi,green house ventures (ghv),seed funding,100000.0,,2016.0,ecommerce
1930,2016-08-02,weddingz,online marketplace for wedding venues and vendors,mumbai,sixth sense ventures,private equity,,,2016.0,ecommerce
1931,2016-08-02,urban dhobi,on demand laundry services,jaipur,"vinod bansal, sanjeev singhal",seed funding,,,2016.0,ecommerce
1932,2016-08-02,gray routes,last mile logistics solutions,mumbai,"mahesh parasuraman, rahul gautam & others",seed funding,,,2016.0,ecommerce
1933,2016-08-02,xpressbees,ecommerce logistics solutions,pune,"saif partners, idg ventures india, vertex ventures, valiant capital",private equity,12500000.0,,2016.0,ecommerce
1934,2016-08-02,invictus oncology,cancer therapeutic info & solutions,delhi,ratan tata,private equity,,,2016.0,healthcare
1935,2016-08-02,hansel.io,mobile app tech solutions,bangalore,"endiya partners, mekin maheshwari, rajesh sawhney",seed funding,,,2016.0,technology
1936,2016-09-02,inc42,startup focused media news portal,delhi,"india ventures, aarin capital & others",seed funding,,,2016.0,ecommerce
1937,2016-09-02,goqii,personalized fitness coaching & fitness band,mumbai,edelweiss financial services,private equity,,,2016.0,technology
1938,2016-10-02,capzest,digital lending platform,mumbai,lion ventures,seed funding,200000.0,,2016.0,ecommerce
1939,2016-10-02,glamstudios,online salon aggregator,noida,aqeel ahmed,seed funding,,,2016.0,ecommerce
1940,2016-10-02,affimity,social networking platform,bangalore,undisclosed investors,seed funding,1200000.0,,2016.0,ecommerce
1941,2016-10-02,anandakanda,medicine intake reminder system,pune,undisclosed investors,seed funding,150000.0,,2016.0,technology
1942,2016-10-02,joulestowatts,it services & talent collaboration services startup,bangalore,manipal global education services,seed funding,,,2016.0,technology
1943,2016-10-02,shopkirana,retailer supply chain platform,indore,"atul jain, anil gelra, jaikumar nair",seed funding,,,2016.0,ecommerce
1944,2016-10-02,stylofie,online beauty parlour search & discovery platform,gurgaon,jaideep mehta,seed funding,,,2016.0,ecommerce
1945,2016-10-02,oybob,hyperlocal products & services marketplace,gurgaon,sachin dalal,seed funding,,,2016.0,ecommerce
1946,2016-12-02,actonmagic,cloud analytics and management products,bangalore,jayabalan subramanian,seed funding,125000.0,,2016.0,technology
1947,2016-12-02,bonhomia,premium tea and coffee,delhi,"alok rawat, grey orange robotics",seed funding,1000000.0,,2016.0,food
1948,2016-12-02,igrenenergi,solar power solutions,mumbai,sunil mehta,seed funding,1000000.0,,2016.0,technology
1949,2016-12-02,rksv,online stock trading platform,mumbai,kalaari capital,private equity,4000000.0,,2016.0,ecommerce
1950,NaT,aasaanjobs,online recruitment marketplace,mumbai,"aspada advisors, idg ventures, xc2 xa0 inventus capital",private equity,5000000.0,,,ecommerce
1951,NaT,snapdeal,horizontal online marketplace,delhi,ontario teachers xe2 x80 x99 pension plan & others,private equity,200000000.0,,,ecommerce
1952,NaT,jugnoo,transportation & on-demand delivery aggregator,chandigarh,saumya tandon,private equity,,,,ecommerce
1953,NaT,snapbizz,connectivity platform for local grocery stores,bangalore,ratan tata,private equity,,,,technology
1954,NaT,goyano,events & restaurant discovery marketplace app,gurgaon,mukesh kumar gupta,seed funding,50000.0,,,ecommerce
1955,NaT,rentsher,online household product rental platform,bangalore,"vaibhav doshi, abhay singhal, vibhu garg, joby babu, abhishek acharya, manish shah",seed funding,300000.0,,,ecommerce
1956,NaT,buddy,micro lending platform for ecommerce purchases,bangalore,"blume ventures, xc2 xa0 tracxn labs",seed funding,500000.0,,,fintech
1957,NaT,legistify,online legal services platform,delhi,ranjit singh,seed funding,,,,ecommerce
1958,NaT,tablehero,dynamic restaurant website creator,bangalore,"growx ventures, kunal shah, sandeep tandon, haresh chawla, powai lake ventures, globevestor",seed funding,1000000.0,,,ecommerce
1959,NaT,betterplace,data analytics based verification services platform,bangalore,unitus seed fund,seed funding,970000.0,,,technology
1960,NaT,salebhai,"sweets, eatables, handicrafts online marketplace",ahmedabad,"virendra shekhawat, deepak chokhani, yogesh patel & others",seed funding,,,,ecommerce
1961,NaT,icustommadeit,professional custom creators marketplace,pune,"brand capital, siddhivinayak skyscrapers, dinesh r. challa",private equity,4000000.0,,,ecommerce
1962,NaT,tring,instant messaging app,pune,vishwadeep bajaj & others,seed funding,,,,ecommerce
1963,NaT,medinfi,doctor & clinics discovery platform,bangalore,"rajnish sinha, prijit debnath, kanchan ghoshal",seed funding,,,,ecommerce
1964,NaT,timemytask,on-demand home cleaning services,mumbai,lead angels,seed funding,,,,ecommerce
1965,NaT,gamezop,mobile gaming platform,delhi,"kwan entertainment & marketing solutions, powerhouse ventures & others",seed funding,350000.0,,,technology
1966,NaT,notary mama,on-demand legal documentation and registration service,bangalore,"dr nandish domlur, amit sandill",seed funding,,,,ecommerce
1967,NaT,the viral fever,independent online video production company,mumbai,tiger global,private equity,10000000.0,,,ecommerce
1968,NaT,avanti learning,private coaching classes,delhi,michael & susan dell foundation,private equity,5000000.0,,,edtech
1969,NaT,bollant industries,eco-friendly consumer & packaging products,hyderabad,ratan tata,private equity,,,,technology
1970,NaT,getvee,matrimony & couples only mobile platform,delhi,"lightspeed venture partners, k ganesh",private equity,,,,ecommerce
1971,NaT,healthkumbh,health related information portal,ahmedabad,undisclosed investor,seed funding,73000.0,,,ecommerce
1972,NaT,unlaze,social networking app for outdoor interests,gurgaon,"sujal shah, dino morea",seed funding,,,,ecommerce
1973,NaT,tracxn,indian startup ecosystem trends analyzer & funding platform,bangalore,"nandan nilekani, mohandas pai, neeraj arora, anand rajaraman, girish mathrubootham, aneesh reddy & teruhide sato",private equity,,,,technology
1974,NaT,careongo,online pharmacy store,delhi,farooq oomerbhoy & other angel investors,seed funding,300000.0,,,ecommerce
1975,NaT,ark robot,warehouse automation,bangalore,qualcomm (through qprize contest),seed funding,350000.0,,,technology
1976,NaT,jaypore,ethnic products marketplace,delhi,aavishkaar,private equity,5000000.0,,,ecommerce
1977,NaT,finance buddha,online loan comparison & discovery platform,bangalore,chennai angels,seed funding,,,,ecommerce
1978,NaT,almaconnect,alumni social network,delhi,"mohandas pai, varun aggarwal",seed funding,,,,ecommerce
1979,NaT,advantage club,mobile platform for corporate employee benefits,gurgaon,purvi ventures & others,seed funding,400000.0,,,ecommerce
1980,NaT,localramu,mobile based aggregator for local service providers,bangalore,3 undisclosed investors,seed funding,,,,ecommerce
1981,NaT,baby berry,parenting mobile app,bangalore,nitin bagmane & other undisclosed investors,seed funding,1000000.0,,,ecommerce
1982,NaT,magicpin,hyperlocal discover mobile app,delhi,lightspeed india,private equity,3000000.0,,,ecommerce
1983,NaT,first eat,healthy food delivery platform,delhi,undisclosed investor,seed funding,100000.0,,,ecommerce
1984,NaT,sigtuple,healthcare based tech solutions,bangalore,"sachin bansal, binny bansal, accel partners & others",seed funding,,,,technology
1985,NaT,taskbob,hyperlocal handyman services platform,mumbai,"ivycap ventures, orios venture partners, mayfield india",private equity,4500000.0,,,ecommerce
1986,NaT,styledotme,mobile fashion app,delhi,indian angel network,seed funding,37000.0,,,ecommerce
1987,NaT,newslaundry,independent news media portal,delhi,"omidyar network, xc2 xa0 vikram lal, abhijit bhandari, mahesh murthy, shashank bhagat",private equity,,,,ecommerce
1988,NaT,cuponation,deals and discount platform,gurgaon,"rocket internet ag, holtzbrink ventures, new enterprise associates (nea), e.ventures, ru-net, deutsche telekom strategic investments (dtsi), silicon valley bank",private equity,11000000.0,,,ecommerce
1989,NaT,aarav uav,unmanned aerial vehicles creator,kanpur,"startupxseed ventures, the phoenix fund and others",seed funding,,,,technology
1990,NaT,sayfix,hyperlocal home services provider,bangalore,yajnanarayana kammaje,seed funding,160000.0,,,ecommerce
1991,NaT,loanzen,peer to peer lending marketplace,bangalore,tracxn syndicate,seed funding,,,,ecommerce
1992,NaT,nobroker,peer to peer property listing platform,bangalore,"beenext, digital garage, beenos, qualgro, mamoru taniya, saif partners",private equity,10000000.0,,,ecommerce
1993,NaT,appilyever,online wedding services marketplace,hyderabad,"varun aggarwal, suresh venkat, raj y",seed funding,400000.0,,,ecommerce
1994,NaT,pocketin,hotel reservations & deal platform,noida,swastika company ltd,seed funding,150000.0,,,ecommerce
1995,NaT,feetapart,employee engagements & rewards platform,bangalore,vishal bali & others,seed funding,,,,ecommerce
1996,NaT,ofbusiness,b2b commerce marketplace,gurgaon,matrix partners india,private equity,5000000.0,,,ecommerce
1997,NaT,carveniche,personalized learning solutions & products,bangalore,"calcutta angels, lead angels & others",seed funding,,,,ecommerce
1998,NaT,juspay,digital payments solutions,bangalore,"accel partners, ashish hemrajani, parikshit dar, rajesh balpande",private equity,5800000.0,,,ecommerce
1999,NaT,funcart,party supplies etailer,delhi,undisclosed hnis,seed funding,70000.0,,,ecommerce
2000,NaT,freedom smart labs,iot retail solutions,delhi,kapil goel,seed funding,145000.0,,,technology
2001,NaT,edubridge,skill development and vocational training platform,mumbai,"insitor impact asia fund, acumen fund",private equity,2500000.0,,,ecommerce
2002,NaT,nestaway,online home rental marketplace,bangalore,ratan tata,private equity,,,,ecommerce
2003,NaT,hopscotch,baby & kids products online flash sales platform,mumbai,eduardo saverin,private equity,13000000.0,,,ecommerce
2004,NaT,pinclick,online real estate listings,bangalore,undisclosed investors,private equity,,,,ecommerce
2005,2016-01-01,smartcooky,health food / personal care marketplace,delhi,"rajan anandan, pramod bhasin, siddharth pai, tv mohandas pai, manvinder singh banga",seed funding,,,2016.0,ecommerce
2006,2016-01-01,helpi,on demand cleaning services mobile app,mumbai,undisclosed investors,seed funding,,,2016.0,ecommerce
2007,2016-04-01,dogspot,online pet store,gurgaon,ratan tata,seed funding,,,2016.0,ecommerce
2008,2016-04-01,career360,college education portal,delhi,merittrac,private equity,,,2016.0,edtech
2009,2016-04-01,b9 beverages,craft beer manufacturing company,delhi,"sequoia capital, kunal bahl, rohit bansal, deepinder goyal, ashish dhawan, mayank singhal",private equity,6000000.0,,2016.0,food
2010,2016-05-01,wimwi foods,healthy food manufacturing & sales startup,ahmedabad,centre for innovation incubation and entrepreneurship (ciie),seed funding,,,2016.0,food
2011,2016-05-01,mychild app,child disorder information & education,bhopal,"samir bangara, anisha mittal, amit gupta, pallav nadhani, lalit mangal, arihant patni, dr. ritesh malik, deobrat singh, saurab paruthi, singapore angel network.",seed funding,100000.0,,2016.0,edtech
2012,2016-05-01,instaproc,b2b procurement marketplace for office products,noida,dinesh agarwal,seed funding,,,2016.0,ecommerce
2013,2016-05-01,360ride,ride sharing platform,bangalore,undisclosed,seed funding,150000.0,,2016.0,ecommerce
2014,2016-05-01,alefnmobitech,cloud mobility solutions,mumbai,tata capital innovation fund,private equity,5000000.0,,2016.0,ecommerce
2015,2016-06-01,tracxn,startup funding deal discovery & execution platform,bangalore,ratan tata,seed funding,,,2016.0,other
2016,2016-06-01,qdesq,branded workspaces aggregator,gurgaon,"dheeraj jain, jagdish kumar, bharat gupta, ankush saigal, praveen saini",seed funding,,,2016.0,real_estate
2017,2016-06-01,sensara,"tv search, guide and remote mobile app",bangalore,"lalitesh katragadda, xc2 xa0 ganayantrika systems",seed funding,750000.0,,2016.0,technology
2018,2016-06-01,zebpay,bitcoin buying & selling mobile app,ahmedabad,"arjun handa, amit jindal, nagendra chaudhary",private equity,1000000.0,,2016.0,ecommerce
2019,2016-06-01,planmynmedicaltrip,medical tourism platform,pune,"bhanu vikram parsotam, rohan desai and paras patel",seed funding,150000.0,,2016.0,healthcare
2020,2016-06-01,mycity4kids,children education & information platform,gurgaon,"sidbi venture capital limited, yournest angel fund",private equity,3000000.0,,2016.0,edtech
2021,2016-06-01,justdakhila.com,school student admissions platform,delhi,ankur gupta,seed funding,750000.0,,2016.0,edtech
2022,2016-07-01,pitstop,automobile service booking app,bangalore,myntra/livspace founders,seed funding,,,2016.0,ecommerce
2023,2016-07-01,bikxie,two wheeler taxi service,gurgaon,undisclosed investors,seed funding,,,2016.0,ecommerce
2024,2016-07-01,infurnia,online furniture customization platform,bangalore,idein ventures,seed funding,160000.0,,2016.0,ecommerce
2025,2016-07-01,myly,mobile based education platform,jaipur,newbie promoter pvt ltd,seed funding,100000.0,,2016.0,edtech
2026,2016-07-01,makemytrip,online travel/hotel booking platform,gurgaon,ctrip.com international ltd,private equity,180000000.0,,2016.0,ecommerce
2027,2016-08-01,melorra,online/ mobile jewellery retailer,bangalore,lightbox ventures,private equity,5000000.0,,2016.0,ecommerce
2028,2016-08-01,confirmtkt,train pnr status prediction platform,bangalore,"krishna jhujhunwala, dr. apoorv ranjan sharma, anirudh damani, anand ladsariya, sanjay mehta & others",seed funding,250000.0,,2016.0,ecommerce
2029,2016-08-01,gyaanzone,career planning and education advisory platform,mumbai,gbim technologies pvt ltd,seed funding,45000.0,,2016.0,edtech
2030,2016-08-01,flatfurnish,online furnishing rental platform,gurgaon,arun chandra mohan,seed funding,,,2016.0,ecommerce
2031,2016-09-01,lumiere,organic food etailer,bangalore,undisclosed investors,private equity,,,2016.0,ecommerce
2032,2016-11-01,koovs,online fashion apparel retailer,gurgaon,"nahata family, waheed alli",private equity,5400000.0,,2016.0,ecommerce
2033,2016-11-01,wishup,mobile app based concierge service,delhi,"500 startups, mato peric, tracxnlabs",seed funding,,,2016.0,ecommerce
2034,2016-11-01,freshmenu,online / mobile food ordering platform,bangalore,"zodius capital, lightspeed venture partners",private equity,16500000.0,,2016.0,ecommerce
2035,2016-11-01,savvymob,last minute hotel bookings mobile marketplace,bangalore,"tv mohandas pai, letsventure",seed funding,1000000.0,,2016.0,ecommerce
2036,2016-11-01,fashionablyin,mobile based geo-target fashion marketplace,mumbai,ranjan mahtani,seed funding,,,2016.0,ecommerce
2037,2016-12-01,shopclues,ecommerce marketplace,gurgaon,"gic, tiger global management, nexus venture partners",private equity,100000000.0,,2016.0,ecommerce
2038,2016-12-01,hike messenger,p2p messaging service,delhi,"matt mullenweg, adam d xe2 x80 x99angelo, aditya agarwal, xc2 xa0 ruchi sanghvi & others",private equity,,,2016.0,ecommerce
2039,2016-12-01,ibus networks,next generation in-building connectivity,bangalore,"vallabh bhanshali, n squared management llc, jagdish & sandeep mehta family office",private equity,2300000.0,,2016.0,technology
2040,2016-12-01,happy2refer,mobile based referral platform,mumbai,"equity crest, vinners, sparknext",seed funding,250000.0,,2016.0,ecommerce
2041,NaT,cartrade,auto classifieds portal,mumbai,"temasek holdings, march capital, warburg pincus",private equity,145000000.0,,,ecommerce
2042,NaT,rentomo,peer-to-peer renting marketplace,bangalore,shiva ashok & other unnamed investors,seed funding,100000.0,,,ecommerce
2043,NaT,roder,inter-city cab aggregator,delhi,unicorn india ventures,seed funding,240000.0,,,ecommerce
2044,NaT,bucker,food ordering mobile app,hyderabad,"50k ventures, munish jauhar, pulkit jain, rohit narang",seed funding,,,,ecommerce
2045,NaT,care24,professional health services platform,mumbai,"saif partners, india quotient",private equity,4000000.0,,,healthcare
2046,NaT,obino,weigh loss coaching,mumbai,roundglass partners,private equity,,,,healthcare
2047,NaT,snapshopr,visual search & image recognition platform,bangalore,amod malviya,seed funding,,,,ecommerce
2048,NaT,buildkar,construction material marketplace,bangalore,"mustafa wajid, umang kumar & others",seed funding,,,,ecommerce
2049,NaT,orahi,carpooling mobile app,gurgaon,indian angel network,seed funding,520000.0,,,ecommerce
2050,NaT,zapr,tv to mobile audience platform,gurgaon,"flipkart, saavn, micromax, dhiraj rajaram, ambiga dhiraj, dinesh agarwal, samir bangara, sanjay nath, arihant patni",seed funding,,,,technology
2051,NaT,remidio,healthcare product manufacturer,bangalore,cipher-plexus capital advisors & indian hnis,private equity,,,,healthcare
2052,NaT,fitso,fitness related social networking app & forum,gurgaon,"varun khurana, samar singla, vinay bansal,",seed funding,200000.0,,,ecommerce
2053,NaT,evibe.in,party hall booking platform,bangalore,"hyderabad angels, lalit mangal, xc2 xa0 vikas malpani, gaurav bhalotia, lv prasad",seed funding,,,,ecommerce
2054,NaT,zoctr,healthcare aggregator platform,mumbai,times group,seed funding,,,,ecommerce
2055,NaT,jobick,mobile app based job search,noida,abhinav mathur,seed funding,,,,ecommerce
2056,NaT,plick,instant content transfer mobile app,mumbai,sanjay mehta,seed funding,,,,ecommerce
2057,NaT,voice friends,dating & singles chat platform,mumbai,huzaifa khorakiwala,seed funding,,,,ecommerce
2058,NaT,kartrocket,saas diy xc2 xa0 ecommerce platform,delhi,"bertelsmann india investments, nirvana digital india fund, nirvana digital investment holding, 500 startups",private equity,6000000.0,,,ecommerce
2059,NaT,swiggy,online/mobile food ordering platform,bangalore,"harmony partners, rb investments & existing investors",private equity,35000000.0,,,ecommerce
2060,NaT,tinystep,parenting social network,bangalore,flipkart,seed funding,,,,ecommerce
2061,NaT,cashkaro,coupon & cashback platform,gurgaon,ratan tata,private equity,,,,ecommerce
2062,NaT,gameezop,casual gaming platform,delhi,anand chandrasekaran & others,seed funding,,,,ecommerce
2063,NaT,dailyobjects,mobile accessories etailer,delhi,"unilazer fund, xc2 xa0 phanindra sama, peyush bansal",private equity,1400000.0,,,ecommerce
2064,NaT,indus os,local language mobile os,mumbai,"omidyar network,",private equity,5000000.0,,,technology
2065,NaT,collegedunia,educational college search platform,delhi,umang kumar,seed funding,445000.0,,,ecommerce
2066,NaT,villgro,social business incubator & fund,chennai,"lemelson foundation, michael and susan dell foundation",private equity,3500000.0,,,fintech
2067,NaT,reddoorz,budget accomodation aggregator,delhi,500 startups,private equity,,,,ecommerce
2068,NaT,industrybuying,b2b industrial goods marketplace,delhi,trifecta capital,private equity,1800000.0,,,ecommerce
2069,NaT,just buy live,b2b marketplace for distributors,mumbai,alpha capital,private equity,20000000.0,,,ecommerce
2070,NaT,imbesharam,adult products etailers,delhi,undisclosed us based investors,private equity,4000000.0,,,ecommerce
2071,NaT,moodoo,social meeting organizer app,mumbai,sa xc3 xafd business school seed fund.,seed funding,40000.0,,,ecommerce
2072,NaT,saral designs,women hygiene product manufacturer,mumbai,"farooq adam, ambi parameswaran,",seed funding,,,,healthcare
2073,NaT,firstcry,kids focused etailer,pune,ratan tata,private equity,,,,ecommerce
2074,NaT,fisdom,personal finance mobile app,bangalore,rob chandra,seed funding,500000.0,,,ecommerce
2075,NaT,easypolicy,online insurance policy aggregator,noida,unilazer ventures,private equity,2200000.0,,,ecommerce
2076,NaT,housing.com,online real estate portal,mumbai,softbank corp,private equity,15000000.0,,,ecommerce
2077,NaT,creo,smartphone os developer,bangalore,"sequoia capital, beenext ventures, india quotient, anand chandrasekaran",private equity,3000000.0,,,technology
2078,NaT,shabdanagari,hindi language social networking portal,kanpur,kanpur angels & others,seed funding,200000.0,,,ecommerce
2079,NaT,little,deal discovery app,bangalore,gic,private equity,,,,ecommerce
2080,NaT,snapbizz,mobile based retail market ecosystem,bangalore,"jungle ventures, taurus value creation, konly venture, blume ventures",private equity,7200000.0,,,ecommerce
2081,NaT,qlivery,on-demand concierge services,gurgaon,chandigarh angels funding,seed funding,,,,ecommerce
2082,NaT,plexusmd,social network for healthcare professionals,ahmedabad,"arihant patni, avnish mehra, pranay adhvaryu, ravi sampat",seed funding,,,,ecommerce
2083,NaT,silvan,home automation & security solutions,bangalore,the chennai angels,seed funding,515000.0,,,technology
2084,NaT,eps,electronic payments solution company,mumbai,apis partners,private equity,35000000.0,,,technology
2085,NaT,qubole,enterprise cloud based data processing,bangalore,"institutional venture partners, norwest venture partners, lightspeed venture partners, crv",private equity,30000000.0,,,technology
2086,NaT,gajty,salons & spa chain,gurgaon,purvi ventures,seed funding,,,,healthcare
2087,NaT,siftr labs,photography curation & aggregator platform,mumbai,venture catalysts,seed funding,150000.0,,,ecommerce
2088,NaT,power2sme,sme online buying hub,gurgaon,"nandan nilekani, accel partners, kalaari capital and inventus capital",private equity,21000000.0,,,ecommerce
2089,NaT,skycandle,home d xc3 xa9cor product etailer,delhi,gpa group,private equity,,,,ecommerce
2090,NaT,teabox.com,specialty tea etailer,siliguri,ratan tata,private equity,,,,ecommerce
2091,NaT,buildzar,construction material etailer,gurgaon,puneet dalmia,private equity,4000000.0,,,ecommerce
2092,NaT,applicate,"sales, market, distribution & data analytics platform",bangalore,undisclosed investors,seed funding,1000000.0,,,technology
2093,NaT,whatsonrent,online rental marketplace,bangalore,lalit mangal & others,seed funding,,,,ecommerce
2094,NaT,zebi (yet to launch),data intelligence & analytics,hyderabad,un disclosed investors,seed funding,1000000.0,,,technology
2095,NaT,truce,vegetables & fruits supply chain,mumbai,"anupam mittal, amit gupta, utsav somani, neeraj goenka, farooq adam mukadam",seed funding,370000.0,,,fmcg
2096,NaT,justdoc,medical video consultation platform,bangalore,"tv mohandas pai, mohit saxena, raghunandan g, singapore angel network, tracxnlabs",seed funding,,,,other
2097,NaT,myeglu,connected smart home solutions,bangalore,foxconn technology group & others,seed funding,,,,technology
2098,NaT,bitgiving,crowd funding platform,delhi,"harminder sahni, krishna mehra, sanjay bakshi",seed funding,,,,ecommerce
2099,NaT,qriyo,online fitness & educational information aggregator,jodhpur,idein ventures,seed funding,160000.0,,,ecommerce
2100,NaT,n.o.w,rental bike aggregator app,noida,maple capital advisors,seed funding,,,,ecommerce
2101,NaT,aisle,indians focused matchmaking app,bangalore,"termsheet, ah ventures",seed funding,185000.0,,,ecommerce
2102,NaT,freshmenu,fresh food delivery platform,bangalore,"zodius technology fund, lightspeed venture partners",private equity,17000000.0,,,ecommerce
2103,NaT,truebil,online marketplace for cars,mumbai,"kalaari capital, inventus capital, tekton ventures, kae capital",private equity,5150000.0,,,ecommerce
2104,NaT,rare media,mobile & cloud based app developer,delhi,info edge (india) ltd,private equity,1100000.0,,,technology
2105,NaT,tinmen,food delivery platform,hyderabad,lead angel network,seed funding,,,,ecommerce
2106,NaT,codinglabs,coding skill showcase & resume builder,hyderabad,vineet nalla,seed funding,,,,technology
2107,NaT,findurclass,hobby & activity class aggregator,mumbai,"amit patni, anirudh damani, samir shah",seed funding,,,,ecommerce
2108,NaT,designbids,interior design marketplace,delhi,indian angel network,seed funding,,,,ecommerce
2109,2015-01-12,collegedekho,,jaipur,girnarsoft,seed funding,1000000.0,,2015.0,edtech
2110,2015-01-12,black white orange brands,,mumbai,youwecan ventures,seed funding,,,2015.0,other
2111,2015-01-12,biteclub,,gurgaon,growx ventures,private equity,,pre-series a,2015.0,food
2112,2015-01-12,patel logistics,,mumbai,frontline strategy,private equity,5600000.0,,2015.0,logistics
2113,2015-01-12,wigzo,,delhi,"aarin capital partners, tv mohandas pai",seed funding,500000.0,pre-series a,2015.0,mobility
2114,2015-01-12,zapluk,,hyderabad,,seed funding,,,2015.0,healthcare
2115,2015-01-12,godof hospitals,,delhi,pankaj gupta,seed funding,2000000.0,,2015.0,healthcare
2116,2015-02-12,roomstonite,,bangalore,"lashit sanghvi, nikhil vora, venkat vardhan,mohammed bin abdul rehman al khalifa, xc2 xa0 ralph berezan, vissal mathew, xc2 xa0 balamurali krishna",seed funding,1500000.0,,2015.0,other
2117,2015-02-12,kaaryah,,delhi,"the saha fund, tv mohandas pai",private equity,,pre-series a,2015.0,other
2118,2015-03-12,anakage,,bangalore,cio angel network (can),seed funding,,,2015.0,edtech
2119,2015-03-12,easykhaana,,delhi,undisclosed investors,seed funding,100000.0,,2015.0,food
2120,2015-03-12,shuttl,,gurgaon,"sequoia capital, times internet ltd & one more fund",private equity,20000000.0,series b,2015.0,other
2121,2015-03-12,eckovation,,delhi,chandigarh angel network (can),seed funding,,,2015.0,edtech
2122,2015-03-12,fitcircle,,mumbai,beerud sheth and ravi mantha,seed funding,,pre-series a,2015.0,media_entertainment
2123,2015-04-12,applop,,kolkata,ghv accelerator,seed funding,100000.0,,2015.0,other
2124,2015-04-12,carpm,,gurgaon,ghv accelerator,seed funding,100000.0,,2015.0,technology
2125,2015-04-12,ndtv wedding portal,,delhi,cerracap,private equity,20000000.0,series a,2015.0,ecommerce
2126,2015-04-12,splitkart,,delhi,"rajesh sawhney, anupam mittal, dinesh agarwal, gaurav gupta,",seed funding,,,2015.0,technology
2127,2015-07-12,zenatix,,gurgaon,blume ventures,private equity,,pre-series a,2015.0,technology
2128,2015-07-12,customfurnish,,hyderabad,agnus capital,private equity,4500000.0,series a,2015.0,technology
2129,2015-07-12,faasos,,pune,"ru-net, sequoia capital, xc2 xa0 lightbox ventures",private equity,30000000.0,series c,2015.0,technology
2130,2015-07-12,vlurn,,mumbai,vidyadhar sarfare,seed funding,,,2015.0,edtech
2131,2015-07-12,leaf wearables,,delhi,"ajeet khurana jinesh shah, vikram chachra, dr. aniruddha malpani",seed funding,250000.0,,2015.0,other
2132,2015-07-12,coolshare,,mumbai,gopal aggarwal,seed funding,100000.0,,2015.0,mobility
2133,2015-08-12,mficient,,delhi,undisclosed investors,seed funding,,,2015.0,mobility
2134,2015-08-12,heybiz,,delhi,shopclues,seed funding,,strategic funding,2015.0,other
2135,2015-08-12,yumist,,gurgaon,"unilazer ventures, orios venture partners, steven lurie",private equity,2000000.0,series a,2015.0,food
2136,2015-09-12,jigsaw academy,,bangalore,manipal global education services,private equity,3000000.0,series a,2015.0,edtech
2137,2015-09-12,joehukum,,gurgaon,"tracxnlabs, jitendra gupta, prashant tandon",seed funding,,,2015.0,other
2138,2015-09-12,voxweb,,mumbai,undisclosed investor,seed funding,350000.0,,2015.0,media_entertainment
2139,2015-09-12,aye finance,,delhi,"saif partners, accion",private equity,3000000.0,series b,2015.0,fintech
2140,2015-09-12,jumbobasket,,chandigarh,chandigarh angels network,seed funding,,,2015.0,ecommerce
2141,2015-10-12,blackbuck,,bangalore,"tiger global management, yuri milner, apoletto, accel partners, flipkart",private equity,25000000.0,series b,2015.0,logistics
2142,2015-10-12,homestudio,,bangalore,bren corporation,private equity,5000000.0,series a,2015.0,ecommerce
2143,2015-10-12,prophesee,,delhi,"indian angel network, stanford angels, entrepreneurs india",seed funding,500000.0,,2015.0,technology
2144,2015-10-12,i2e1,,delhi,growx ventures,seed funding,500000.0,,2015.0,other
2145,2015-10-12,holisol logistics,,delhi,clsa capital partners aria iv funds,private equity,10000000.0,,2015.0,logistics
2146,2015-10-12,stay simple resorts,,bangalore,"mr. sudhir & ms. shalini sethi, mr. praveen someshwar",seed funding,,,2015.0,technology
2147,2015-10-12,paynear,,hyderabad,mitesh majithia,private equity,2500000.0,pre-series a,2015.0,other
2148,2015-10-12,chillr,,mumbai,"sequoia capital, blume ventures, uniqorn ventures and other",private equity,70000000.0,series a,2015.0,other
2149,2015-11-12,eureqa,,hyderabad,"sashi reddi, gabriel investments",seed funding,600000.0,,2015.0,mobility
2150,2015-11-12,localcircles,,noida,anand mahindra,private equity,,,2015.0,technology
2151,2015-11-12,getfocus,,mumbai,undisclosed investors,seed funding,,,2015.0,other
2152,2015-11-12,urbanclap,,gurgaon,ratan tata,private equity,,,2015.0,other
2153,2015-11-12,onlinerti,,bangalore,"letsventure, mohandas pai",seed funding,150000.0,,2015.0,other
2154,2015-11-12,powerstores,,goa,extreme venture partners xc2 xa0 william bissell,seed funding,,,2015.0,ecommerce
2155,2015-11-12,weddingz.in,,mumbai,"rajan anandan, zoya akhtar, reema kagati, ruchi narain, amrish kumar, hrishikesh parandekar",seed funding,1000000.0,,2015.0,ecommerce
2156,2015-11-12,intelligent interfaces,,bangalore,"sachin bansal, binny bansal",seed funding,,yet to launch platform,2015.0,other
2157,NaT,capricoast,,bangalore,"accel partners india, rb investments",private equity,3500000.0,series a,,ecommerce
2158,NaT,jetsetgo,,bangalore,puneet dalmia,private equity,,,,ecommerce
2159,NaT,cabsguru,,delhi,prashanth ranganathan,seed funding,200000.0,,,mobility
2160,NaT,whoop,,boston,infosys,private equity,3000000.0,series a,,other
2161,NaT,bookeventz,,mumbai,"mumbai angels, singapore angel network, zishaan hayath",seed funding,,,,other
2162,NaT,deal street asia,,singapore,"vijay shekhar sharma, singapore angels network",seed funding,,,,media_entertainment
2163,NaT,streamoid,,bangalore,undisclosed,seed funding,1000000.0,,,other
2164,NaT,housejoy,,bangalore,"amazon, vertex ventures, qualcomm, ru-net technology partners, matrix partners",private equity,22500000.0,series b,,ecommerce
2165,NaT,bluebirch,,bangalore,"chicago capital ventures, sanjay mehta, others",seed funding,2000000.0,,,logistics
2166,NaT,meradoctor,,mumbai,unilazer,private equity,1200000.0,pre-series a,,healthcare
2167,NaT,stage 3,,delhi,"nisha sharma, puneet dalmia, balaji prabhakar",seed funding,,,,other
2168,NaT,rivigo,,gurgaon,saif partners and others,private equity,30000000.0,series b (includes debt financing),,logistics
2169,NaT,springboard,,bangalore,"allen blue, john katzman, naveen tewari, kartik hosanagar, kashyap deorah, 500 startups, blue fog capital",seed funding,1700000.0,,,edtech
2170,NaT,eatfresh,,bangalore,kalaari capital,private equity,,,,food
2171,NaT,ampere vehicles,,coimbatore,kris gopalakrishnan & others,seed funding,1200000.0,,,mobility
2172,NaT,focus digit,,delhi,turning ideas,seed funding,,,,ecommerce
2173,NaT,the news minute,,bangalore,quintillion media,seed funding,,,,media_entertainment
2174,NaT,cbrex,,mumbai,"prahlad rao, sundara rajan, vikram chachra",seed funding,200000.0,,,other
2175,NaT,truckmandi,,delhi,"ritesh dwivedy, ramakant sharma, mount nathan advisors",private equity,2000000.0,pre-series a,,logistics
2176,NaT,peppertap,,gurgaon,innoven capital,private equity,4000000.0,part of 40m series b round,,food
2177,NaT,kooh sports,,mumbai,"tcs, hdfc, faering capital, elevate sports",private equity,2000000.0,series a,,edtech
2178,NaT,rentongo,,bangalore,"anand chandrasekaran, rajesh sawhney, kalpana tatavarti, shivanandan pare",seed funding,,,,ecommerce
2179,NaT,industrybuying,,delhi,"murugappa group, tvs group, vellayan subbiah, arathi krishna, arun venkatachalam",seed funding,,,,ecommerce
2180,NaT,zapr,,gurgaon,dinesh agarwal,seed funding,,,,other
2181,NaT,latestone,,hyderabad,palred technologies ltd,private equity,3000000.0,additional investment from parent company,,other
2182,NaT,planetgogo,,gurgaon,ht digital media holdings ltd,seed funding,,,,media_entertainment
2183,NaT,arya.ai,,mumbai,"yournest angel fund, venture nursery",private equity,750000.0,series a,,other
2184,NaT,doctor insta,,gurgaon,"rishi parti, brahmax ventures",private equity,500000.0,pre-series a,,healthcare
2185,NaT,mobiefit,,goa,medi assist,private equity,1000000.0,strategic investment,,technology
2186,NaT,lafalafa,,mumbai,vectr ventures,private equity,,,,technology
2187,NaT,mech mocha,,bangalore,"blume ventures, flipkart",seed funding,1000000.0,,,other
2188,NaT,shotang.com,,bangalore,"exfinity venture partners, unitus impact livelihoods fund",private equity,5000000.0,series a,,ecommerce
2189,NaT,cityfurnish,,gurgaon,jitendra gupta,seed funding,,,,real_estate
2190,NaT,black white orange,,mumbai,collaborative licensing ventures llp,seed funding,303000.0,,,other
2191,NaT,kolabro,,gurgaon,"umang kumar, ruchir arora & others",seed funding,,,,real_estate
2192,NaT,canvera,,bangalore,info edge (india) ltd,private equity,2200000.0,,,other
2193,NaT,town essentials,,bangalore,"sharad hegde, girish reddy, siddharth patil, shrikant patil",seed funding,1000000.0,,,food
2194,NaT,bumper,,bangalore,saif partners,seed funding,500000.0,,,other
2195,NaT,hotify,,bangalore,mahavir pratap sharma,seed funding,150000.0,,,other
2196,NaT,mobikwik,,gurgaon,"sequoia capital, tree line asia, innoven capital",private equity,6600000.0,additional funding,,other
2197,NaT,intelligent interfaces,,bangalore,yuvraj singh,seed funding,,yet to launch,,other
2198,2015-02-11,twigly,,gurgaon,"amit gupta, sahil barua, mukul singhal, tracxn labs",seed funding,200000.0,,2015.0,food
2199,2015-02-11,cityflo,,mumbai,idg ventures,seed funding,750000.0,,2015.0,real_estate
2200,2015-03-11,findyahan,,noida,times group brand capital,private equity,,bridge funding,2015.0,other
2201,2015-03-11,sabse,,mumbai,ratan tata,private equity,,,2015.0,technology
2202,2015-03-11,pokkt,,mumbai,"segnel venture, shinji kimura, sundar chanrai, jafco asia, singtel xe2 x80 x99s innov8, jungle ventures, k ganesh",private equity,5000000.0,series b,2015.0,other
2203,2015-03-11,oibanit,,vadodara,"varun ahuja, anubhav verma",seed funding,150000.0,,2015.0,food
2204,2015-03-11,stuffed,,mumbai,riqueza capital,seed funding,385000.0,funding happened in sept 2015,2015.0,food
2205,2015-03-11,loanbaba,,mumbai,,seed funding,320000.0,,2015.0,ecommerce
2206,2015-03-11,deyor rooms,,delhi,dheeraj jain & others,seed funding,500000.0,,2015.0,other
2207,2015-03-11,bidgely,,usa,"constellation technology ventures (exelon corporation), e.on, rwe, khosla ventures",private equity,16600000.0,series b,2015.0,other
2208,2015-04-11,shirsa labs,,mumbai,ah ventures,seed funding,250000.0,,2015.0,edtech
2209,2015-04-11,paytunes,,delhi,cio angel network,seed funding,,,2015.0,other
2210,2015-04-11,yourdost,,gwalior,"phanindra sama, aprameya radhakrishna, aneesh reddy, neeraj jawalkar, sanjay anandaram, pavan ongole, venk krishnan",seed funding,400000.0,,2015.0,other
2211,2015-05-11,bookmybai,,mumbai,vineel nalla & others,seed funding,150000.0,,2015.0,other
2212,2015-05-11,myindianstay,,goa,undisclosed investors,seed funding,200000.0,,2015.0,real_estate
2213,2015-05-11,bobble,,delhi,saif partners & others,private equity,,series a,2015.0,other
2214,2015-06-11,repup,,gurgaon,indian angel network,seed funding,,,2015.0,other
2215,2015-06-11,satvacart,,gurgaon,undisclosed hnis,private equity,1800000.0,pre-series a bridge,2015.0,food
2216,2015-06-11,popxo.com,,delhi,"idg ventures india, kalaari capital, 500 startups",private equity,2000000.0,series a,2015.0,media_entertainment
2217,2015-06-11,spareshub,,pune,"hyderabad angels, m&s partners",seed funding,460000.0,pre-series a,2015.0,ecommerce
2218,2015-06-11,explara,,pune,"hyderabad angels, singapore angel network, ness wadia",private equity,490000.0,pre-series a,2015.0,other
2219,2015-06-11,soothe healthcare,,noida,saina nehwal,seed funding,,2nd seed funding,2015.0,healthcare
2220,2015-06-11,yuvi hospitality,,gurgaon,chandralekha construction pvt. ltd.,private equity,15000000.0,series a,2015.0,food
2221,2015-09-11,appvirality,,hyderabad,"rajan anandan, mike galgon, ravi gururaj, ashim mehra, xc2 xa0 mohit saxena, internet group, tnn capital and others",seed funding,500000.0,pre-series a,2015.0,other
2222,2015-09-11,istar skill development,,bangalore,"michael & susan dell foundation, unitus seed fund",private equity,1500000.0,series a,2015.0,edtech
2223,2015-09-11,bigstylist.com,,mumbai,info edge,private equity,1000000.0,pre-series a,2015.0,ecommerce
2224,2015-09-11,zilingo,,bangalore,"sequoia india, beenext ventures, kunal shah & sandeep tandon",private equity,1900000.0,series a,2015.0,ecommerce
2225,2015-09-11,didi,,mumbai,"jozef bardik, leo wang sangeeth ram",seed funding,150000.0,,2015.0,technology
2226,2015-09-11,skoov.com,,mumbai,undisclosed investor,seed funding,150000.0,,2015.0,ecommerce
2227,2015-10-11,chefs basket,,mumbai,"saif partners, haresh chawla",private equity,6000000.0,series a,2015.0,food
2228,2015-11-11,gingercrush,,vadodara,tv mohandas pai xe2 x80 x99s family office,seed funding,,,2015.0,other
2229,2015-11-11,delight foods,,bangalore,"lensbridge capital, mape advisory group, fireside ventures",private equity,600000.0,series a,2015.0,food
2230,2015-11-11,6degree,,goa,"centre for incubation & business acceleration (ciba), goa",seed funding,,,2015.0,other
2231,2015-11-11,renewbuy,,gurgaon,mount nathan advisors pte ltd,seed funding,500000.0,,2015.0,fintech
2232,2015-11-11,grab,,mumbai,sixth sense ventures,seed funding,,,2015.0,logistics
2233,2015-12-11,hitwicket,,hyderabad,chennai angels,seed funding,250000.0,,2015.0,other
2234,NaT,flashdoor,,bangalore,"sujeet kumar, ankit nagori, traxcn labs",seed funding,,,,other
2235,NaT,cashkaro.com,,gurgaon,kalaari capital,private equity,3700000.0,series a,,ecommerce
2236,NaT,absentia,,bangalore,"astarc ventures, 50k ventures & others",seed funding,180000.0,,,technology
2237,NaT,renowala,,hyderabad,logtally,seed funding,,,,other
2238,NaT,taskbucks,,delhi,times internet,private equity,15000000.0,strategic investment,,ecommerce
2239,NaT,craftsvilla,,mumbai,"sequoia india, lightspeed venture partners, nexus venture partners, global founders capital, apoletto",private equity,34000000.0,series c,,ecommerce
2240,NaT,julia computing,,bangalore,gordon and betty moore foundation,seed funding,600000.0,,,technology
2241,NaT,styletag,,bangalore,jitu virwani,seed funding,7500000.0,,,ecommerce
2242,NaT,smytten,,gurgaon,"rimpal chawla, anuj srivastava",seed funding,200000.0,,,other
2243,NaT,bibox,,bangalore,ravi krishnamurthy,seed funding,530000.0,,,technology
2244,NaT,convegenius,,noida,enablers platform,seed funding,300000.0,,,edtech
2245,NaT,ola,,bangalore,"baillie gifford, falcon edge capital, tiger global, softbank group, dst global, didi kuaidi",private equity,500000000.0,series f ( more details here),,ecommerce
2246,NaT,goodbox,,bangalore,nexus venture partners,private equity,2500000.0,series a,,other
2247,NaT,scoopwhoop,,delhi,kalaari capital,private equity,4000000.0,series a,,media_entertainment
2248,NaT,hipship,,bangalore,"inara capital , rishi khiani",seed funding,,,,logistics
2249,NaT,pickrr,,delhi,palaash ventures,seed funding,,,,logistics
2250,NaT,truelancer,,delhi,"blackstone valley group, raghu vohra, aditya dev sood, kamal bansal",seed funding,,,,ecommerce
2251,NaT,aha taxis,,noida,ah ventures,seed funding,,,,real_estate
2252,NaT,urbanclap,,gurgaon,"bessemer venture partner, accel, saif partners",private equity,25000000.0,series b,,ecommerce
2253,NaT,sensegiz,,belgaum,karnataka semiconductor venture capital firm,seed funding,500000.0,,,other
2254,NaT,placeoforigin,,bangalore,"s.d. shibulal, kris gopalakrishnan, srinath batni, professor tarun khanna, xc2 xa0 ganapathy venugopal.",seed funding,,,,food
2255,NaT,fourseven,,delhi,indian angel network,seed funding,455000.0,,,ecommerce
2256,NaT,mindtickle,,pune,new enterprise associates,private equity,12500000.0,series a,,technology
2257,NaT,shopsense,,mumbai,"kae capital, kunal bahl, rohit bansal",seed funding,,pre-series a,,ecommerce
2258,NaT,medinfi,,bangalore,"ram kumar kakani, pradeep k jaisingh, sunil t v, vijay ghadge, hemant kaul, gurmeet chahal & others",seed funding,305000.0,,,healthcare
2259,NaT,ouwt,,mumbai,undisclosed investors,seed funding,150000.0,,,other
2260,NaT,heypillow,,bangalore,hampton capital,private equity,3000000.0,series a,,ecommerce
2261,NaT,healers at home,,delhi,"daljit singh, dr. pramath raj sinha, bvr mohan reddy",seed funding,,,,healthcare
2262,NaT,caravan craft,,bangalore,"unitus seed fund, bijou kurien, narayan ramachandran",private equity,1200000.0,series a,,ecommerce
2263,NaT,talkoot,,bangalore,undisclosed investors,seed funding,100000.0,,,fintech
2264,NaT,rentomojo,,bangalore,"idg ventures india, xc2 xa0 accel partners india",private equity,2000000.0,series a,,real_estate
2265,NaT,medikoe,,bangalore,anil menon,seed funding,100000.0,,,healthcare
2266,NaT,stylofie,,gurgaon,swastika,seed funding,250000.0,,,healthcare
2267,NaT,servx,,delhi,manish gupta,seed funding,,,,mobility
2268,NaT,naaptol,,mumbai,"mitsui & co., new enterprise associates, canaan partners, silicon valley bank",private equity,52000000.0,late stage,,ecommerce
2269,NaT,crayon data,,chennai,ratan tata,private equity,,,,technology
2270,NaT,earlysalary.com,,mumbai,ashok agarwal,seed funding,1500000.0,,,other
2271,NaT,tooler,,delhi,"raghu khanna, sameer gupta",seed funding,110000.0,,,other
2272,NaT,s chand,,delhi,ifc everstone group,private equity,27000000.0,,,edtech
2273,NaT,stelae,,chennai,earlsfield capital,private equity,,pre-series a,,media_entertainment
2274,NaT,goqii,,mumbai,"new enterprise associates, cheetah mobile",private equity,13400000.0,series b,,technology
2275,NaT,grofers,,gurgaon,"softbank, tiger global, sequoia capital, apoletto managers",private equity,120000000.0,late stage,,food
2276,NaT,pluss,,gurgaon,"idg ventures, m & s partners, powerhouse ventures (usa).",private equity,1000000.0,pre-series a,,logistics
2277,NaT,kountmoney,,bangalore,"tracxn, ashish goenka & others",seed funding,,,,fintech
2278,NaT,stayglad,,bangalore,"bessemer venture partners, anil chopra",private equity,,series a,,other
2279,NaT,justride,,mumbai,,private equity,2000000.0,pre-series a bridge round,,real_estate
2280,NaT,fastudent,,noida,ashish gupta,seed funding,,,,edtech
2281,NaT,learnon,,chennai,jmr infotech india pvt ltd,seed funding,,,,edtech
2282,NaT,talentrack,,delhi,unigrowth inc,seed funding,,,,ecommerce
2283,NaT,m-taxi,,gurgaon,"mandeep singh, jairaj singh",seed funding,,,,other
2284,NaT,baxi,,gurgaon,"manish kheterpal, alok mittal, xc2 xa0 puneet dalmia,",seed funding,1450000.0,,,other
2285,NaT,superhero brands,,mumbai,dsg consumer partners,seed funding,540000.0,,,other
2286,NaT,momagic,,delhi,fih mobile ltd,private equity,,strategic investment,,other
2287,NaT,qikpod,,bangalore,"flipkart, accel partners, delhivery, foxconn",private equity,9000000.0,series a,,logistics
2288,NaT,butterfly interactive,,delhi,undisclosed investors,seed funding,,,,ecommerce
2289,NaT,bro4u,,bangalore,sargod ventures,seed funding,,,,other
2290,2015-01-10,indifi,,gurgaon,"accel partners, elevar equity, pramod bhasin, rajan anandan, gaurav dalmia, abhishek goyal, gagan hasteer , arun tadanki",seed funding,,,2015.0,other
2291,2015-01-10,wydr,,delhi,sandeep aggarwal,seed funding,,,2015.0,ecommerce
2292,2015-01-10,easyfix,,gurgaon,axilor ventures,seed funding,,,2015.0,ecommerce
2293,2015-01-10,muvizz,,singapore,"ashish todi, abhinav patodia, kumar shwetabh",seed funding,350000.0,,2015.0,other
2294,2015-01-10,abhibus,,hyderabad,paytm (one97 communications),private equity,,strategic investment,2015.0,other
2295,2015-01-10,cleartax,,delhi,paytm (one97 communications),private equity,,,2015.0,other
2296,2015-02-10,shopalyst,,bangalore,kalaari capital,private equity,2000000.0,series a,2015.0,other
2297,2015-03-10,chillr,,mumbai,sequoia capital,private equity,6000000.0,series a,2015.0,fintech
2298,2015-05-10,nykaa,,mumbai,"harsh mariwala, atul nishar, dalip pathak, michael carlos",private equity,9500000.0,series b,2015.0,technology
2299,2015-05-10,voylla,,jaipur,peepul capital,private equity,15000000.0,series b,2015.0,technology
2300,2015-05-10,indialends,,delhi,"dsg consumer partners, paragon partners",private equity,1000000.0,pre-series a bridge round,2015.0,fintech
2301,2015-05-10,rock n shop,,delhi,high networth individuals (undisclosed),seed funding,150000.0,,2015.0,other
2302,2015-06-10,docplexus,,pune,"uniqorn ventures, asp consulting",seed funding,700000.0,,2015.0,healthcare
2303,2015-06-10,workindia,,mumbai,"satyen kothari, keshav sanghi, riddhesh gandhi & others",seed funding,500000.0,pre-series a,2015.0,other
2304,2015-06-10,sportzvillage,,bangalore,gaja capital private equity fund,private equity,10000000.0,series b,2015.0,edtech
2305,2015-06-10,sportybeans,,pune,youwecan ventures,seed funding,,,2015.0,other
2306,2015-06-10,burger singh,,gurgaon,"ashvin chadha, avtar monga, udaan angels, dheeraj jain",seed funding,500000.0,bridge round,2015.0,logistics
2307,2015-06-10,welcome cure,,mumbai,unnamed media house and hnis,private equity,6000000.0,pre-series a,2015.0,other
2308,2015-07-10,schoolguru,,mumbai,high networth individuals from india & usa,private equity,3000000.0,series a,2015.0,edtech
2309,2015-07-10,naturally yours,,mumbai,sanjay mehta,seed funding,,,2015.0,food
2310,2015-07-10,gojavas,,gurgaon,snapdeal,private equity,20000000.0,strategic funding (series c),2015.0,logistics
2311,2015-07-10,scandid,,pune,micromax informatics,private equity,,strategic funding,2015.0,other
2312,2015-07-10,stalkbuylove,,delhi,"mato peric, peter kabel & others",private equity,,series a,2015.0,other
2313,2015-08-10,zupermeal,,mumbai,"sanjeev kapoor, xc2 xa0 ravi saxena & others",private equity,2000000.0,series a,2015.0,food
2314,2015-08-10,cube26,,delhi,"tiger global management, flipkart",private equity,7700000.0,series a,2015.0,other
2315,2015-08-10,mobikon,,pune,"life.sreda, qualgro",private equity,,series b,2015.0,technology
2316,2015-08-10,grabhouse,,bangalore,sequoia and kalaari capital.,private equity,10000000.0,series b,2015.0,real_estate
2317,2015-08-10,quifers,,mumbai,"vikas agarwal, vishal khare, sanjeev kakkar, smile group",seed funding,310000.0,,2015.0,logistics
2318,2015-09-10,stockroom.io,,hyderabad,undisclosed investors,seed funding,70000.0,,2015.0,other
2319,2015-09-10,curofy,,delhi,roundglass partners,private equity,,pre-series a,2015.0,healthcare
2320,2015-09-10,cloud lending,,bangalore,sf capital group,private equity,8000000.0,series a,2015.0,fintech
2321,2015-09-10,inayo,,mumbai,"kemark ventures, amit ranjan, zishaan hayath and others",seed funding,300000.0,,2015.0,healthcare
2322,2015-09-10,wonobo,,bangalore,quikr,private equity,,strategic funding,2015.0,other
2323,2015-09-10,kulzy,,delhi,"seedfund, bedrock ventures",seed funding,1000000.0,,2015.0,technology
2324,2015-09-10,zeppery,,delhi,suyash sharma,seed funding,77000.0,,2015.0,food
2325,2015-12-10,zify,,hyderabad,sean o xe2 x80 x99sullivan & others,seed funding,190000.0,,2015.0,mobility
2326,2015-12-10,faircent,,gurgaon,aarin capital partners,private equity,,series a,2015.0,fintech
2327,2015-12-10,bizongo,,mumbai,accel partners,seed funding,,,2015.0,ecommerce
2328,2015-12-10,gridle,,ahmedabad,letsventure,seed funding,100000.0,,2015.0,technology
2329,2015-12-10,tripoto,,delhi,"500 startups, idg ventures & advantedge fund, neeraj arora, leon seynave",private equity,,series a,2015.0,technology
2330,2015-12-10,mubble,,bangalore,accel partners,private equity,,series a,2015.0,technology
2331,NaT,voodoo,,delhi,saif partners,seed funding,1000000.0,,,other
2332,NaT,lookup,,bangalore,"khosla impact, biz stone, catamaran ventures, global founders capital, european investment fund",private equity,2500000.0,series a,,other
2333,NaT,askmygift,,noida,turning ideas,seed funding,50000.0,,,other
2334,NaT,gaana.com,,mumbai,micromax informatics ltd,private equity,,strategic funding,,other
2335,NaT,zappfresh,,gurgaon,undisclosed investors,seed funding,77000.0,,,food
2336,NaT,gymtrekker,,mumbai,"dewang neralla,roopak taneja, manisha gupta",seed funding,,,,other
2337,NaT,bounty app,,bangalore,"fireside ventures, mumbai angels mape advisory group.",seed funding,,,,other
2338,NaT,homers.in,,gurgaon,"devesh rai g, rajesh aggarwal, amitpal bhutani",seed funding,,,,real_estate
2339,NaT,mshipper,,delhi,vijai laxmi,seed funding,,,,logistics
2340,NaT,bolrealty,,delhi,manpreet singh,seed funding,,,,real_estate
2341,NaT,s-cube futuretech,,mumbai,parampara capital,private equity,1000000.0,series a,,mobility
2342,NaT,letsventure,,bangalore,"accel partners, anupam mittal & other marquee investors",private equity,,series a,,ecommerce
2343,NaT,citrus payment,,mumbai,"sequoia capital, ascent capital, econtext asia, beenos asia",private equity,25000000.0,series c,,fintech
2344,NaT,holidify,,delhi,aarti group,seed funding,100000.0,,,other
2345,NaT,primaseller,,bangalore,"dr. aniruddha malpani manish gupta, m&s partners & others",seed funding,,,,saas
2346,NaT,opinio,,bangalore,"delhivery, sands capital and accel partners",private equity,7000000.0,series a,,logistics
2347,NaT,attune technologies,,chennai,"qualcomm venture, norwest venture partners",private equity,10000000.0,series b,,healthcare
2348,NaT,ichef.in,,mumbai,springboard ventures,private equity,,,,food
2349,NaT,jiyo natural,,bangalore,indian angel network,seed funding,,,,food
2350,NaT,agentdesks,,new york,"sierra ventures, cota capital, vegas tech fund",seed funding,2950000.0,,,real_estate
2351,NaT,white owl brewery,,mumbai,"arihant patni, raay global investments",private equity,1530000.0,series a,,other
2352,NaT,mealhopper,,gurgaon,"alok bajpai, rajnish kumar, amit dey",seed funding,100000.0,,,food
2353,NaT,zenify.in,,bangalore,"atul jalan, shrikanth & bharath",seed funding,640000.0,,,real_estate
2354,NaT,stockal,,bangalore,"r natarajan, mohan alexander",seed funding,,,,other
2355,NaT,medd,,mumbai,group of angel investors,seed funding,150000.0,bridge round,,healthcare
2356,NaT,leaping caravan,,gurgaon,group of angel investors,seed funding,150000.0,,,food
2357,NaT,frsh,,gurgaon,"mumbai angels, mayank bhangdia, kae capital",private equity,1000000.0,bridge round,,food
2358,NaT,qik stay,,delhi,id enablers pvt ltd,seed funding,250000.0,,,other
2359,NaT,parcelled,,bangalore,delhivery,private equity,5000000.0,,,logistics
2360,NaT,almamapper,,ahmedabad,oswal techno ventures llp,seed funding,400000.0,,,media_entertainment
2361,NaT,flexing it,,delhi,undisclosed private investors,seed funding,500000.0,,,ecommerce
2362,NaT,netmeds.com,,chennai,"orbimed, pradip dadha group",private equity,50000000.0,series a,,healthcare
2363,NaT,razorpay,,jaipur,"tiger global management, matrix partners",private equity,9000000.0,series a,,fintech
2364,NaT,jombay,,pune,ventureworks india,private equity,,,,technology
2365,NaT,happitoo,,mumbai,unnamed investor,seed funding,77000.0,,,other
2366,NaT,care24,,mumbai,india quotient,seed funding,350000.0,,,healthcare
2367,NaT,roadrunnr,,bangalore,"sequoia capital, nexus venture partners",private equity,10000000.0,series b,,logistics
2368,NaT,simpli5d,,gurgaon,"redcliffe capital, yournest angel fund",private equity,,bridge funding,,other
2369,NaT,origa leasing,,mumbai,"ah ventures, 500 startups & other hnis",seed funding,1100000.0,,,fintech
2370,NaT,smartivity.in,,delhi,s chand and co pvt ltd,seed funding,200000.0,,,edtech
2371,NaT,urdoorstep,,bangalore,jupiter capital,private equity,,series a,,food
2372,NaT,tavaga,,mumbai,tracxn syndicate,seed funding,,,,fintech
2373,NaT,moglix,,noida,"accel partner, jungle ventures",private equity,,pre-series a,,ecommerce
2374,NaT,zophop,,mumbai,"amit singhal, pk gulati & others",seed funding,450000.0,,,other
2375,NaT,niki.ai,,bangalore,unilazer ventures,seed funding,,,,ecommerce
2376,NaT,instavans,,bangalore,suresh vaswani,seed funding,,,,logistics
2377,NaT,lifto,,mumbai,"rajesh bhatia, dheeraj mehta & others",seed funding,130000.0,,,mobility
2378,NaT,tinyowl,,mumbai,"sequoia capital, matrix partners",private equity,7500000.0,series b,,food
2379,NaT,toppr.com,,mumbai,innoven capital,private equity,2000000.0,series c,,edtech
2380,NaT,kleeto,,gurgaon,grex,seed funding,230000.0,pre-series a,,technology
2381,NaT,beaconstalk,,mumbai,puneet bhatia & others,seed funding,80000.0,,,technology
2382,NaT,jugnoo,,chandigarh,paytm,private equity,10000000.0,series b,,mobility
2383,2015-01-09,toflo,,mumbai,tania johny palathinkal,seed funding,100000.0,,2015.0,fintech
2384,2015-01-09,fxmartindia,,chandigarh,flipkart,private equity,,strategic investment (majority stake),2015.0,fintech
2385,2015-01-09,stylecracker,,mumbai,group of hni investors,private equity,1000000.0,series a,2015.0,other
2386,2015-01-09,luxuryhues,,gurgaon,reliance capital,private equity,900000.0,series a,2015.0,other
2387,2015-02-09,holachef,,mumbai,ratan tata,private equity,,part of series a raised in june 2015,2015.0,food
2388,2015-02-09,zivame,,bangalore,"zodius technology fund, khazanah nasional berhad",private equity,40000000.0,series c,2015.0,ecommerce
2389,2015-02-09,capillary tech,,delhi,"warburg pincus, sequoia capital, norwest venture partners",private equity,45000000.0,series d,2015.0,technology
2390,2015-03-09,jobspire,,bangalore,purvi capital,seed funding,260000.0,,2015.0,other
2391,2015-03-09,meradoctor,,mumbai,india quotient & other investors,seed funding,,,2015.0,healthcare
2392,2015-03-09,vistaar finance,,bangalore,"westbridge capital, omidyar network, elevar equity, saama capital, xc2 xa0 lok capital",private equity,40000000.0,,2015.0,fintech
2393,2015-03-09,hijinny,,mumbai,cmyk health boutique pvt ltd & other individual investors,seed funding,,,2015.0,ecommerce
2394,2015-04-09,clapsnslaps,,mumbai,r m picture company pvt. ltd.,seed funding,150000.0,,2015.0,other
2395,2015-04-09,blubox,,mumbai,ashish jhalani,seed funding,100000.0,,2015.0,ecommerce
2396,2015-04-09,roomcentral,,bangalore,karanpal singh,seed funding,2000000.0,,2015.0,technology
2397,2015-07-09,youthkiawaaz,,delhi,"raghav bahl, ritu kapur",seed funding,600000.0,,2015.0,technology
2398,2015-07-09,prozo,,delhi,"nalin jain, shomil pant, dinesh kundu & others",seed funding,205000.0,,2015.0,ecommerce
2399,2015-07-09,zomato,,gurgaon,"temasek, vy capital",private equity,60000000.0,late stage,2015.0,food
2400,2015-07-09,sahayog dairy,,bhopal,acumen fund,private equity,1800000.0,series a,2015.0,technology
2401,2015-08-09,mockbank,,bangalore,blume ventures,seed funding,400000.0,,2015.0,other
2402,2015-08-09,reportbee,,chennai,india educational investment fund,seed funding,,,2015.0,other
2403,2015-08-09,gurug learning,,bangalore,india educational investment fund,seed funding,,,2015.0,other
2404,2015-10-09,onlinetyari,,gurgaon,"500 startups, tv mohandas pai, tandem capital, vikram chachra, aloke bajpai",private equity,770000.0,series a,2015.0,other
2405,2015-10-09,industrybuying,,delhi,"kalaari capital, saif partners, beenextan investment fund",private equity,9200000.0,series b,2015.0,ecommerce
2406,2015-10-09,the/nudge foundation,,bangalore,"nanadan nilekani, inmobi, paytm",seed funding,315000.0,,2015.0,technology
2407,2015-11-09,fitmein,,delhi,green house ventures,seed funding,100000.0,,2015.0,technology
2408,2015-11-09,envoged,,mumbai,"ankush nijhawan, manish dhingra, gaurav bhatnagar",seed funding,,,2015.0,ecommerce
2409,2015-11-09,zapyle,,bangalore,,seed funding,1000000.0,,2015.0,other
2410,2015-11-09,renomania,,delhi,subodh gupta,seed funding,,,2015.0,other
2411,2015-12-09,credr,,mumbai,eight road ventures,private equity,15000000.0,series a,2015.0,ecommerce
2412,2015-12-09,yatragenie,,hyderabad,ash bhardwaj,private equity,,series a,2015.0,mobility
2413,NaT,canvasflip,,hyderabad,bessemer venture partners,seed funding,1200000.0,,,other
2414,NaT,shadowfax,,gurgaon,eight roads ventures,private equity,9000000.0,series a,,logistics
2415,NaT,ue life sciences,,us,"aarin capital, unitus seed fund",private equity,3000000.0,series a,,other
2416,NaT,ola cabs,,bangalore,"falcon edge capital, ny based hedge fund, tiger global, softbank",private equity,225000000.0,late stage,,real_estate
2417,NaT,coverfox,,mumbai,cataraman ventures,private equity,2000000.0,part of 12m series b funding,,fintech
2418,NaT,moengage,,bangalore,"helion venture partners, exfinity ventures",private equity,4250000.0,series a,,mobility
2419,NaT,mubble,,bangalore,nandan nilekani,seed funding,,,,technology
2420,NaT,tea trails,,mumbai,"anil matai, vikram tandon, shyam sundar r & others",seed funding,1000000.0,,,technology
2421,NaT,room on call,,noida,payal syal,seed funding,300000.0,,,ecommerce
2422,NaT,fyne,,bangalore,sandeep dama & others,seed funding,,pre-series a,,ecommerce
2423,NaT,chaipoint,,bangalore,eight roads ventures,private equity,10000000.0,series a,,food
2424,NaT,wedmegood.com,,gurgaon,indian angel network,seed funding,410000.0,,,other
2425,NaT,xstok,,mumbai,oliphans capital,seed funding,450000.0,,,ecommerce
2426,NaT,unilog,,bangalore,kalaari capital,private equity,,,,ecommerce
2427,NaT,paintcollar,,mumbai,applyifi,seed funding,,bridge funding,,ecommerce
2428,NaT,yepme,,gurgaon,"khazanah nasional berhad, helion venture partners",private equity,75000000.0,series d,,ecommerce
2429,NaT,bueno,,gurgaon,high networth individuals (no details),seed funding,600000.0,,,food
2430,NaT,plabro,,delhi,"sachin bansal & binny bansal, sol primero, outbox ventures, sangram singh",seed funding,350000.0,,,real_estate
2431,NaT,curejoy,,bangalore,"accel partners, subrata mitra, larry braitman, venk krishna",private equity,1150000.0,pre-series a,,healthcare
2432,NaT,briston technomach,,delhi,undisclosed,seed funding,150000.0,,,other
2433,NaT,labstreet,,gurgaon,multiple investors,seed funding,150000.0,,,healthcare
2434,NaT,dailyninja,,bangalore,"aprameya radhakrishna, naman sarawagi, afsal salu,",seed funding,,,,logistics
2435,NaT,portea medical,,bangalore,"accel partners, international finance corporation (ifc), qualcomm ventures, ventureast",private equity,37500000.0,,,healthcare
2436,NaT,neotrade analytics,,bangalore,rainmatter,seed funding,235000.0,,,technology
2437,NaT,dishco,,mumbai,"anand mahindra, uday punj, ashish hemrajani, sanjeev mehra",seed funding,,,,food
2438,NaT,lafalafa,,mumbai,500 startups,seed funding,125000.0,thru accelerator,,other
2439,NaT,connectabank,,mumbai,prakhar bumb,seed funding,,,,fintech
2440,NaT,villfarm,,bangalore,"unitus seed fund, rianta capital, r ramaraj, sunil edwards",seed funding,,,,technology
2441,NaT,bestdealfinance,,mumbai,"kalaari capital, yournest angel fund",private equity,3000000.0,series a,,fintech
2442,NaT,gamexs.in,,delhi,lead angels,seed funding,,,,ecommerce
2443,NaT,the man company,,delhi,"karan bajwa, amanpreet bajaj, manish vij",seed funding,,,,ecommerce
2444,NaT,virtual logic,,bangalore,swarnim multiventures,private equity,800000.0,pre-series a,,technology
2445,NaT,furdo,,bangalore,bhavdeep reddy,seed funding,400000.0,,,other
2446,NaT,loginext,,mumbai,paytm,private equity,10000000.0,series a,,logistics
2447,NaT,korra,,delhi,asha jadeja motwani & others,seed funding,300000.0,,,other
2448,NaT,credihealth,,gurgaon,rajat malhotra,seed funding,,,,healthcare
2449,NaT,amigobulls,,bangalore,"sharad sharma, vijay anand, mohandas pai. pallav nadhani, singapore angels network & others",seed funding,,,,other
2450,NaT,silverpush,,gurgaon,m&s partners,private equity,1200000.0,series a,,other
2451,NaT,juggernaut,,delhi,"william bissell, neeraj aggarwal, nandan nilekani",private equity,2250000.0,series a,,technology
2452,NaT,innerchef,,delhi,"phanindra sama, anupam mittal, vijay shekhar sharma, vishal gondal, sateesh andara & others",private equity,1750000.0,pre-series a,,food
2453,NaT,quintype,,bangalore,raghav bahl,private equity,3300000.0,,,technology
2454,NaT,capabiliti,,noida,"500 startups, smile multimedia, kunal bahl, rohit bansal, girish matrubootham",seed funding,400000.0,,,other
2455,NaT,fourth partner energy,,hyderabad,"infuse ventures, the chennai angels",private equity,2000000.0,series a,,other
2456,NaT,licious,,bangalore,"kanwaljit singh, tv mohandas pai",seed funding,1000000.0,,,other
2457,NaT,travelkhana,,delhi,astarc ventures & others,seed funding,,pre-series a,,food
2458,NaT,quickli,,delhi,"500 startups, mato peric & others",seed funding,,,,logistics
2459,NaT,ola cabs,,bangalore,didi kuaidi,private equity,30000000.0,late stage (part of 500m funding rnd),,mobility
2460,NaT,paytm,,delhi,"alibaba group, ant financial",private equity,680000000.0,late stage (alibaba 40 equity),,ecommerce
2461,NaT,inmobi,,bangalore,tennenbaum capital partners & others,private equity,100000000.0,late stage,,other
2462,NaT,peppertap,,gurgaon,"sequoia india, saif partners.",private equity,36000000.0,series b,,food
2463,NaT,hugefly,,pune,mayank singhal and others,seed funding,,,,ecommerce
2464,NaT,brigge,,chennai,the chennai angels,seed funding,,,,media_entertainment
2465,NaT,zakoopi,,delhi,uniqorn ventures,seed funding,350000.0,,,other
2466,NaT,loancircle,,bangalore,"zishaan hayath, rahul khanna & others",seed funding,,,,fintech
2467,NaT,infoworks,,bangalore,"nexus venture partners, knoll ventures and others",private equity,5000000.0,,,technology
2468,NaT,reddoorz,,noida,jungle ventures,seed funding,1000000.0,,,other
2469,NaT,firsttouch,,gurgaon,"kunal bahl, rohit bansal, pranay chulet, naveen tiwari, amit gupta, mayank singhal",seed funding,,super angel round,,other
2470,NaT,eywa media,,bangalore,"ah ventures, viktor koenig pe fund, mantra ventures",seed funding,1000000.0,,,technology
2471,2015-01-08,snapdeal,,delhi,"alibaba, foxconn, softbank",private equity,500000000.0,late stage round 7th (more details),2015.0,ecommerce
2472,2015-01-08,ressy,,pune,mohandas pai & others,seed funding,400000.0,,2015.0,food
2473,2015-03-08,cuelearn,,delhi,alok mittal,seed funding,,,2015.0,edtech
2474,2015-03-08,connect india,,delhi,aavishkaar,private equity,5000000.0,series a,2015.0,logistics
2475,2015-03-08,the home salon,,mumbai,venturenursery,seed funding,,,2015.0,other
2476,2015-03-08,jusride,,mumbai,"alok mittal, zeeshan hayat, niraj singh, nikunj jain, anirudh damani, punit goyal",seed funding,,,2015.0,real_estate
2477,2015-03-08,oyorooms,,delhi,"softbank group, greenoaks capital, sequoia capital, xc2 xa0 lightspeed india",private equity,100000000.0,series b,2015.0,other
2478,2015-03-08,glowship,,bangalore,infuse ventures,seed funding,,,2015.0,ecommerce
2479,2015-03-08,wizrocket,,mumbai,"sequoia capital, accel partners",private equity,9600000.0,series b,2015.0,other
2480,2015-04-08,pickingo,,delhi,"orios venture partners, zishaan hayath",private equity,1300000.0,series a,2015.0,logistics
2481,2015-05-08,grex,,pune,"kunal bajaj, chandru badrinarayanan",seed funding,650000.0,,2015.0,technology
2482,2015-05-08,letstransport,,bangalore,"rebright partners, ankush nijhawan, gaurav bhatnagar, manish dhingra",seed funding,1300000.0,,2015.0,logistics
2483,2015-05-08,zo rooms,,delhi,"tiger global management, orios venture partners",private equity,30000000.0,series a,2015.0,technology
2484,2015-05-08,doormint,,mumbai,"helion venture partners, kalaari capital",private equity,3000000.0,series a,2015.0,other
2485,2015-05-08,nightstay,,noida,"bedrock ventures, rajesh sawhney, shailesh singh",seed funding,500000.0,,2015.0,other
2486,2015-05-08,zocalo,,delhi,"sachin bhatia, rajesh sawhney",seed funding,,,2015.0,fintech
2487,2015-05-08,sunday realty solutions,,mumbai,"ramesh jogani, shailesh viswanathan, jay srinivasan",seed funding,785000.0,,2015.0,real_estate
2488,2015-06-08,klozee,,bangalore,tracxn labs,seed funding,,,2015.0,real_estate
2489,2015-06-08,appvigil,,mumbai,"ravi gururaj, gaurav sharma, viswanath ramachandran, ripplewave",seed funding,500000.0,pre series-a,2015.0,technology
2490,2015-06-08,practo,,bangalore,"sofina, google capital, altimeter capital, sequoia capital global equities, yuri milner, sequoia capital, matrix partners",private equity,90000000.0,series c,2015.0,healthcare
2491,2015-06-08,loudshout,,delhi,"sanjay sethi, ravi jaipuria & others",seed funding,,,2015.0,other
2492,2015-06-08,wetravelsolo,,delhi,"ccube angels, frontline strategy",seed funding,,,2015.0,technology
2493,2015-06-08,ketto,,mumbai,"chennai angels, calcutta angels, ah ventures, intellecap impact investment network, indus age partners, singapore angel network, india internet fund, letsventure",seed funding,700000.0,,2015.0,other
2494,2015-06-08,ezetap,,bangalore,"horizons ventures, capricorn investment group, social capital, helion advisors, berggruen holdings",private equity,25000000.0,series c,2015.0,other
2495,2015-06-08,ndtv ecommerce venture,,mumbai,"inflexionpoint, pramod bhasin, sixth sense ventures, vindi banga, hiro mashita",private equity,,series a,2015.0,ecommerce
2496,2015-07-08,carlxe2x80x99s jr,,gurgaon,youwecan ventures,seed funding,630000.0,,2015.0,food
2497,2015-07-08,easyrewardz,,mumbai,"wealth first, ashneer grover, atul phadnis",private equity,500000.0,pre-series a,2015.0,other
2498,2015-07-08,gibss,,mumbai,"responsability investments, infuse ventures",private equity,,series a,2015.0,other
2499,2015-07-08,storemore.in,,noida,bedrock ventures,seed funding,,,2015.0,other
2500,2015-07-08,iorderfresh,,delhi,best foodworks,seed funding,,,2015.0,food
2501,2015-10-08,mytaxiindia,,gurgaon,"nihon kotsu,",private equity,500000.0,pre series-a,2015.0,real_estate
2502,2015-10-08,esadar,,delhi,"neha vats, gaurav vats",seed funding,80000.0,,2015.0,ecommerce
2503,2015-10-08,actionable analytics,,delhi,"b m gupta, vinod singhal",seed funding,,,2015.0,edtech
2504,2015-10-08,mypoolin,,delhi,qprize from qualcomm ventures,seed funding,250000.0,qprize contest winners,2015.0,media_entertainment
2505,2015-10-08,nearbuy (previouslyxc2xa0 groupon india),,delhi,sequoia capital,private equity,16000000.0,series a,2015.0,ecommerce
2506,2015-10-08,inkmonk,,chennai,"girish mathrubootham, phanindra sama, vikram chachra, others from letsventure",seed funding,250000.0,,2015.0,ecommerce
2507,2015-10-08,tonetag,,bangalore,reliance capital venture,private equity,1000000.0,series a,2015.0,fintech
2508,2015-10-08,grey orange,,gurgaon,tiger global management,private equity,30000000.0,series b,2015.0,logistics
2509,2015-11-08,livspace,,bangalore,"helion ventures, jungle ventures & bessemer venture partners",private equity,8000000.0,series a,2015.0,other
2510,2015-11-08,wow! momo,,kolkata,indian angel network,seed funding,1600000.0,,2015.0,food
2511,2015-11-08,raincan,,pune,ajeet khurana & others,seed funding,100000.0,,2015.0,food
2512,2015-11-08,allygrow technologies,,mumbai,zodius technology fund,private equity,20000000.0,series a,2015.0,other
2513,2015-11-08,infogain,,delhi,chryscapital,private equity,63000000.0,,2015.0,technology
2514,2015-12-08,oneassist,,mumbai,"sequoia capital, lightspeed ventures",private equity,7500000.0,series b,2015.0,technology
2515,2015-12-08,bigbasket,,bangalore,bessemer venture partners,private equity,50000000.0,series c,2015.0,food
2516,2015-12-08,sheroes,,noida,"quintillion media, 500 startups",seed funding,770000.0,,2015.0,technology
2517,2015-12-08,scripbox,,bangalore,"accel partners, deep kalra, rajesh magow, mohit gupta, shamik sharma",private equity,2500000.0,series a,2015.0,fintech
2518,NaT,etaout,,noida,"amit ranjan, vijay shekhar sharma, kunal bahl, girish mathrubootham & xc2 xa0 group of other angel investors",seed funding,500000.0,,,ecommerce
2519,NaT,ifmr holdings,,chennai,"accion, leapfrog investments, lok capital",private equity,25000000.0,series b,,fintech
2520,NaT,massblurb,,mumbai,"letsventure, mumbai angels",seed funding,,,,mobility
2521,NaT,agrostar,,pune,idg ventures,private equity,4000000.0,series a,,other
2522,NaT,voxweb,,mumbai,jitendra gupta & others,seed funding,100000.0,,,media_entertainment
2523,NaT,trukky,,ahmedabad,"gujarat based angel investors, mmy co-founder",seed funding,245000.0,,,logistics
2524,NaT,vanitycube,,delhi,group of angel investors,seed funding,,,,other
2525,NaT,edu4share,,delhi,nalin jain & other angel investors,seed funding,220000.0,,,edtech
2526,NaT,yourstory,,mumbai,"ratan tata, vani kola, t v mohandas pai, karthee madasamay",seed funding,,,,other
2527,NaT,sampurnearth,,mumbai,"intellecap impact investment network, family office fund",seed funding,160000.0,,,other
2528,NaT,orobind,,bangalore,existing & new investors,private equity,,pre series a,,edtech
2529,NaT,fixy,,mumbai,venturenursery,seed funding,,,,other
2530,NaT,msm box,,delhi,rohit goel,seed funding,,,,other
2531,NaT,shadowfax,,gurgaon,"kunal bahl, rohit bansal, zishaan hayath, prashant malik",seed funding,310000.0,,,logistics
2532,NaT,gadgets 360,,delhi,one97 communications,private equity,,strategic investment,,ecommerce
2533,NaT,roposo,,gurgaon,tiger global,private equity,15000000.0,series b,,other
2534,NaT,intelligencenode,,mumbai,"new enterprise associates, orios venture partners",private equity,4200000.0,series a,,technology
2535,NaT,hyperverge,,chennai,"nea, milliways ventures, naya ventures",seed funding,1000000.0,,,edtech
2536,NaT,twyst,,gurgaon,"rohit bhatia, sunil nikhar, vaibhav domkundwar, siddharth nautiyal",seed funding,,,,other
2537,NaT,idfy,,mumbai,"nea, blume ventures & others",private equity,,series a,,technology
2538,NaT,zoojoo.be,,bangalore,roundglass partners,private equity,1000000.0,series a,,other
2539,NaT,fashionove,,kolkata,umesh yadav,seed funding,,,,other
2540,NaT,timesaverz,,mumbai,unilazer ventures,private equity,2400000.0,,,technology
2541,NaT,envoged,,mumbai,"manish dhingra, ankush nijhawa, gaurav bhatnagar",seed funding,,,,other
2542,NaT,mebelkart,,bangalore,askme,private equity,20000000.0,,,ecommerce
2543,NaT,labsadvisor,,delhi,group of angel investors,seed funding,156000.0,,,healthcare
2544,NaT,flatpebble,,hyderabad,indian angel network,seed funding,600000.0,,,ecommerce
2545,NaT,bluegape.com,,delhi,"ah ventures, times internet, rudy gopalakrishnan",seed funding,600000.0,,,other
2546,NaT,epoise,,bangalore,"orios venture partners, amit ranjan & others",seed funding,500000.0,,,other
2547,NaT,jolly food fellow,,ahmedabad,the 1947,seed funding,300000.0,,,food
2548,NaT,bookmein,,mumbai,ajmera group of companies,seed funding,400000.0,,,other
2549,NaT,izofy,,kolkata,prime capital markets ltd,seed funding,,,,other
2550,NaT,rbus,,mumbai,"india quotient, anupam mittal & others",seed funding,,,,technology
2551,NaT,qyk app,,bangalore,"growx ventures, tracxn labs, powai lake ventures, and sahil barua",private equity,1000000.0,pre-series a,,other
2552,NaT,eazydiner,,gurgaon,"dsg consumer partners, saama capital",private equity,3000000.0,series a,,food
2553,NaT,revx,,mumbai,"norwest venture partners, nexus venture partners, helion venture partners, draper fisher jurvetson, peepul capital",private equity,4000000.0,series a,,other
2554,NaT,icustommadeit,,pune,group of angel investors,seed funding,250000.0,,,ecommerce
2555,NaT,pickmylaundry,,delhi,ghv accelerator,seed funding,100000.0,,,other
2556,NaT,belita,,mumbai,"india quotient, letsventure investors, lead angels",seed funding,400000.0,,,other
2557,NaT,ezysolare,,ahmedabad,infuse ventures,seed funding,,,,ecommerce
2558,NaT,foodtalkindia,,gurgaon,undisclosed investor,seed funding,500000.0,,,food
2559,NaT,instasafe,,bangalore,group of investors,seed funding,,,,saas
2560,NaT,eazy coach,,kolkata,ravi agarwal,seed funding,,,,edtech
2561,NaT,djubo.com,,delhi,ibibo group,private equity,,strategic investment,,technology
2562,NaT,betterbutter.in,,delhi,"growx ventures, manish singhal",seed funding,,,,other
2563,NaT,vyomo,,bangalore,rocket internet,private equity,2000000.0,pre-series a,,ecommerce
2564,NaT,rollmafia,,pune,equentia natural resources,seed funding,160000.0,,,food
2565,NaT,iamwire,,gurgaon,"li tao, li jian, draphant consultants, nitin garg, saurabh jain, mohit agarwal",seed funding,,,,media_entertainment
2566,NaT,dropkaffe,,bangalore,"manish singhal, p39 capital & others",seed funding,300000.0,,,logistics
2567,NaT,reverie,,bangalore,"aspada investment advisors, qualcomm ventures",private equity,4000000.0,series a,,technology
2568,NaT,infinite analytics,,mumbai,"ratan tata, nikhil vora & others",private equity,,bridge round,,technology
2569,2015-01-07,parcelled,,bangalore,"delhivery, tracxn labs",seed funding,,,2015.0,logistics
2570,2015-01-07,retigence technologies,,mumbai,omnivore partners,private equity,,series a,2015.0,technology
2571,2015-01-07,cloudcherry analytics,,chennai,"the chennai angels, idg ventures india",seed funding,1000000.0,,2015.0,other
2572,NaT,handyhome,,mumbai,"bessemer ventures, kae capital",seed funding,630000.0,,,technology
2573,2015-01-07,idreamcareer,,delhi,"ah ventures, vivek joshi, mohit satyanand & others",seed funding,,,2015.0,technology
2574,2015-01-07,ola cabs,,bangalore,ratan tata,private equity,,personal investment,2015.0,real_estate
2575,2015-01-07,nxtgen,,bangalore,"ifc, axon partners, intel capital",private equity,13500000.0,series a,2015.0,technology
2576,2015-02-07,bankbazaar,,chennai,"amazon, fidelity growth partners, mousse partners",private equity,60000000.0,series c n(more here),2015.0,fintech
2577,2015-02-07,gozoomo,,bangalore,saif partners,private equity,5000000.0,series a,2015.0,ecommerce
2578,2015-02-07,zenatix,,gurgaon,"rajan anandan, kunal bahl, rohit bansal, rahul khanna",seed funding,161000.0,,2015.0,other
2579,2015-03-07,culturealley,,jaipur,tiger global,private equity,6500000.0,series a,2015.0,edtech
2580,2015-03-07,goqii,,mumbai,vijay shekhar sharma,private equity,,pre-series a,2015.0,ecommerce
2581,2015-03-07,gingercrush,,ahmedabad,"gokul jaykrishna, brand capital",seed funding,1000000.0,,2015.0,other
2582,2015-04-07,elanic,,bangalore,"rebright partners, tracxn labs, aneesh reddy",seed funding,,,2015.0,ecommerce
2583,2015-04-07,stitchwood,,mumbai,"powai lake ventures, ajeet khurana & others",seed funding,395000.0,,2015.0,ecommerce
2584,2015-05-07,urban tailor,,bangalore,group of angel investors,seed funding,,,2015.0,technology
2585,2015-06-07,confirmttkt,,bangalore,pravin agarwala & others,seed funding,,,2015.0,technology
2586,2015-06-07,paper boat,,gurgaon,"sofina, hillhouse capital",private equity,30000000.0,series b,2015.0,food
2587,2015-06-07,getnow,,nagpur,atulya mittal,seed funding,,,2015.0,ecommerce
2588,2015-07-07,wudstay,,gurgaon,"mangroves capital partners, vikas saxena",private equity,3000000.0,series a,2015.0,other
2589,2015-07-07,liases foras,,delhi,dmg information asia pacific,private equity,5000000.0,series a,2015.0,real_estate
2590,2015-07-07,eatlo,,bangalore,"powai lake ventures, globeinvestor, abhishekh goyal",seed funding,,,2015.0,food
2591,2015-07-07,indialends,,delhi,"dsg consumer partners, siddharth parekh",private equity,,pre-series a,2015.0,fintech
2592,2015-08-07,quinto,,pune,jaydeep barman,seed funding,,,2015.0,food
2593,2015-08-07,saavn,,mumbai,"tiger global management, bertelsmann india, steadview capital, liberty media, mousse partners, quilvest",private equity,100000000.0,series c,2015.0,other
2594,2015-08-07,flytxt,,mumbai,"sunrise capital gmbh, big data investments b.v",private equity,11000000.0,series a,2015.0,technology
2595,2015-08-07,axtria,,india,"helion venture partners,amarpreet sawhney, deshpande foundation, fred khosravi, richard s. braddock",private equity,30000000.0,series c,2015.0,technology
2596,2015-08-07,33coupons,,kanpur,not disclosed,seed funding,20000.0,,2015.0,other
2597,2015-08-07,ampere,,coimbatore,ratan tata,seed funding,,,2015.0,other
2598,2015-08-07,hopping chef,,mumbai,mirah hospitality,seed funding,470000.0,strategic investment,2015.0,food
2599,2015-08-07,collectabillia,,bangalore,accel partners,private equity,7500000.0,series b,2015.0,technology
2600,2015-08-07,lendingkart,,ahmedabad,"saama capital, mayfield, ashvin chadha, shailesh mehta",private equity,10000000.0,series a,2015.0,fintech
2601,2015-08-07,lybrate,,delhi,"tiger global management, ratan tata, nexus venture partners",private equity,10200000.0,series a,2015.0,healthcare
2602,2015-08-07,zoomcar,,bangalore,"sequoia capital, empire angels, ngp",private equity,11000000.0,series b,2015.0,real_estate
2603,2015-09-07,xc2xa0news in shorts,,xcxanoida,xc2 xa0tiger global,private equity,,xc2 xa0series b,2015.0,other
2604,2015-09-07,xc2xa0bluestone,,xcxabangalore,"xc2 xa0ivycap ventures, accel partners, dragoneer investment group",private equity,,,2015.0,other
2605,2015-09-07,xc2xa0shopsity,,xcxagurgaon,"xc2 xa0 sandeep aggarwal, teruhide sato",seed funding,,,2015.0,other
2606,2015-09-07,xc2xa0notesgen,,xcxanew delhi,"xc2 xa0rajeev saraf, arvind jha, r. satya narayanan",seed funding,,,2015.0,ecommerce
2607,NaT,xc2xa0infinity assurance,,xcxanew delhi,xc2 xa0indian angel network,seed funding,,,,other
2608,2015-10-07,xc2xa0footprints education,,xcxagurgaon,"xc2 xa0letsventure, kumar bansal, kshitij jain",seed funding,,,2015.0,technology
2609,2015-10-07,xc2xa0loylty rewards,,xcxamumbai,xc2 xa0indianideas.com,private equity,,xc2 xa0late stage,2015.0,other
2610,NaT,xc2xa0ameyo,,xcxagurgaon,xc2 xa0forum synergies pe fund,private equity,,xc2 xa0series a,,technology
2611,NaT,xc2xa0mamagoto,,xcxanew delhi,xc2 xa0goldman sachs,private equity,,xc2 xa0series a,,food
2612,NaT,xc2xa0satvacart,,xcxagurgaon,xc2 xa0palaash ventures,seed funding,,,,food
2613,NaT,mysmartprice,,hyderabad,"accel partners, helion venture partners",private equity,10000000.0,series b,,other
2614,NaT,zenify,,bangalore,atul jalan,seed funding,,,,real_estate
2615,NaT,boxmyspace,,mumbai,"ritesh veera, singapore angel network, orios venture partners,",seed funding,300000.0,,,logistics
2616,NaT,hackerrank,,bangalore,hr technology fund,private equity,7500000.0,series c,,technology
2617,NaT,wickedride,,bangalore,undisclosed,seed funding,790000.0,,,real_estate
2618,NaT,wowexpress,,mumbai,tamarind family private trust,seed funding,500000.0,,,logistics
2619,NaT,oyo rooms,,gurgaon,"softbank, sequoia capital",private equity,100000000.0,series b,,other
2620,NaT,mobikon,,pune,jungle ventures,private equity,2300000.0,series b,,food
2621,NaT,instalively.com,,delhi,"anupam mittal, anand chandrasekaran, uday shankar, chetan bhagat",seed funding,,,,media_entertainment
2622,NaT,roadrunnr,,bangalore,"sequoia capital, nexus venture partners, blume ventures",private equity,11000000.0,series a,,logistics
2623,NaT,ketto,,mumbai,"pradyumna dalmia, sudhir rao & others",seed funding,700000.0,,,other
2624,NaT,quikwallet,,mumbai,snow leopard technology ventures,private equity,1600000.0,follow on funding,,fintech
2625,NaT,omnikart,,mumbai,"sumit gandhi, manish gandhi",seed funding,100000.0,,,ecommerce
2626,NaT,zo rooms,,delhi,"tiger global, orios venture partners.",private equity,15000000.0,no confirmation,,technology
2627,NaT,innoviti,,bangalore,"catamaran ventures, new india investment corporation",private equity,4850000.0,series a,,fintech
2628,NaT,zenradius,,bangalore,"tracxn labs, deepak singh",seed funding,,,,other
2629,NaT,joy by nature,,delhi,"mumbai angels, vriddhi fund, others",private equity,1000000.0,series a,,food
2630,NaT,iqlect,,bangalore,exfinity venture partners,private equity,2000000.0,series a,,technology
2631,NaT,degustibus,,mumbai,india value fund advisors,private equity,30000000.0,late stage,,fintech
2632,NaT,nestaway,,bangalore,"flipkart, tiger global",private equity,12750000.0,series a,,real_estate
2633,NaT,mswipe,,,"falcon edge capital, meru capital, ola, matrix partners, dsg consumer partners, axis bank",private equity,25000000.0,series b,,fintech
2634,NaT,myonsto,,ahmedabad,jayant bokadia,seed funding,320000.0,,,food
2635,NaT,icrushiflush,,mumbai,idg ventures india,seed funding,,,,other
2636,NaT,medgenome,,bangalore,sequoia capital,private equity,20000000.0,series b,,healthcare
2637,NaT,holidayiq,,bangalore,makemytrip,private equity,15000000.0,strategic investment,,other
2638,NaT,fitternity,,mumbai,exfinity venture partners,private equity,1000000.0,series a,,ecommerce
2639,NaT,quikr,,mumbai,"ab kinnevik, falcon edge capital, coatue management",private equity,60000000.0,late stage,,other
2640,NaT,jetsetgo,,delhi,yourwecan ventures,seed funding,,,,ecommerce
2641,NaT,broex,,gurgaon,lightspeed india,private equity,1000000.0,bridge round,,real_estate
2642,NaT,shopatplaces,,delhi,indian angel network,seed funding,,,,technology
2643,NaT,credr,,mumbai,fidelity growth partners,private equity,15000000.0,series a,,ecommerce
2644,NaT,managemyspa,,hyderabad,accel partners,private equity,6000000.0,series a,,technology
2645,NaT,townrush,,bangalore,lightspeed venture partners,seed funding,,,,logistics
2646,NaT,locus,,bangalore,"growx ventures, xc2 xa0 manish singhal",seed funding,,,,logistics
2647,NaT,bevy,,bangalore,varun agarwal & others,seed funding,,,,other
2648,NaT,pepperfry,,mumbai,"goldman sachs, zodius technology fund, bertelsmann india investments norwest venture partners.",private equity,100000000.0,series d,,ecommerce
2649,NaT,flipkart.com,,bangalore,steadview capital and existing investors,private equity,700000000.0,"late stage, 10th round more here",,ecommerce
2650,NaT,opinio,,bangalore,"accel partners, traxcn labs & others",seed funding,1300000.0,,,food
2651,NaT,zoctr,,mumbai,"sandeep parwal, krishan gupta & others",seed funding,1000000.0,,,healthcare
2652,NaT,zimmber,,mumbai,"idg ventures india, omidyar network, sherpalo ventures, xc2 xa0 mohandas pai",private equity,2000000.0,series a,,other
2653,NaT,truehb,,delhi,"sachin and binny bansal, malvinder and shivinder singh, gurpreet singh & others",seed funding,2400000.0,,,healthcare
2654,NaT,zovi.com / little app,,bangalore,"paytm, saif partners, xc2 xa0 tiger global management & others",private equity,50000000.0,series a,,ecommerce
2655,NaT,swajal,,gurgaon,abhishek gupta,private equity,1200000.0,series a,,other
2656,NaT,pipa bella,,mumbai,lionrock capital,private equity,600000.0,pre-series a,,other
2657,NaT,pragmatix,,mumbai,sidbi venture capital ltd,private equity,2400000.0,series a,,other
2658,NaT,droom.in,,delhi,"lightbox ventures, beenos",private equity,16000000.0,series a,,ecommerce
2659,NaT,madrat games,,bangalore,"kunal bahl, rohit bansal",seed funding,168000.0,,,edtech
2660,NaT,noodle play,,mumbai,"elliot stechman, gautam sinha, ambarish ray",seed funding,168000.0,,,food
2661,NaT,wassup,,chennai,b s nagesh,private equity,,pre-series a,,other
2662,NaT,cartisan,,bangalore,"youwecan ventures, xc2 xa0 aprameya radhakrishna",seed funding,,,,other
2663,NaT,lazylad,,gurgaon,"jai choi, kiyohiro sugashita, hirokazu",private equity,500000.0,pre-series a,,food
2664,NaT,tripfactory,,bangalore,"aarin capital partners,",private equity,,series a,,other
2665,NaT,prothom,,pune,oliphabs capital,private equity,2000000.0,series a,,other
2666,NaT,bona vita,,gurgaon,makemytrip,private equity,5000000.0,strategic investment,,technology
2667,2015-01-06,vyomo,,delhi,aprameya radhakrishna,seed funding,,,2015.0,other
2668,2015-01-06,veeba foods,,delhi,"dsg consumer partners, saama capital.",private equity,6000000.0,series b,2015.0,food
2669,2015-01-06,truebil,,mumbai,"kae capital, anupam mittal",seed funding,500000.0,,2015.0,ecommerce
2670,2015-01-06,meritnation,,delhi,infoedge,private equity,4000000.0,series c,2015.0,edtech
2671,2015-01-06,eattreatonline,,delhi,group of 15 angel investors,seed funding,350000.0,,2015.0,food
2672,2015-01-06,credr,,mumbai,growthstory,seed funding,,,2015.0,ecommerce
2673,2015-01-06,glamrs,,mumbai,"ventureworks india, blume ventures, batlivala & karani securities, nikunj jhaveri",private equity,1000000.0,pre-series a,2015.0,media_entertainment
2674,2015-01-06,proviera,,chennai,infuse ventures,private equity,550000.0,,2015.0,technology
2675,2015-01-06,arth designbuild,,hyderabad,srinivas tirupati,seed funding,500000.0,,2015.0,technology
2676,2015-02-06,saama,,pune,carrick capital partners,private equity,35000000.0,series a,2015.0,technology
2677,2015-02-06,allizhealth,,pune,mumbai angels & other angel investors,seed funding,350000.0,,2015.0,healthcare
2678,2015-02-06,karma healthcare,,udaipur,ennovent impact investment holding,private equity,,series a,2015.0,healthcare
2679,2015-03-06,entropy innovations,,mumbai,mark mobius & 9 other angel investors,seed funding,,,2015.0,other
2680,2015-03-06,propstack,,mumbai,dmg information,private equity,3000000.0,series a,2015.0,real_estate
2681,2015-03-06,mytaxiindia,,delhi,green house ventures,seed funding,100000.0,,2015.0,real_estate
2682,2015-03-06,arkin net,,pune,nexus venture partners,private equity,15000000.0,series b,2015.0,technology
2683,2015-03-06,little black book delhi,,delhi,"rajan anandan, niraj singh, sachin bhatia, singapore angel network & aseem vadehra",seed funding,150000.0,,2015.0,technology
2684,2015-03-06,mypoolin,,delhi,"sharad sharma, rajan anandan, sunil kalra, amit ranjan, rohan malhotra, xc2 xa0 arjun malhotra, gautam gandhi",seed funding,,,2015.0,fintech
2685,2015-03-06,icustomadeit,,pune,"virendra shahney, dr paresh doshi",seed funding,250000.0,,2015.0,ecommerce
2686,2015-03-06,kaaryah,,gurgaon,ratan tata,seed funding,,,2015.0,ecommerce
2687,2015-04-06,ecom express,,delhi,warburg pincus,private equity,137000000.0,series c,2015.0,logistics
2688,2015-04-06,vidooly,,noida,bessemer venture partners,private equity,1000000.0,pre-series a,2015.0,media_entertainment
2689,2015-04-06,zopper,,mumbai,"tiger global, xc2 xa0 nirvana ventures advisors",private equity,20000000.0,series c,2015.0,other
2690,2015-04-06,flipkart,,bangalore,morgan stanley,private equity,50000000.0,late stage,2015.0,ecommerce
2691,2015-05-06,kwatt solutions,,mumbai,,seed funding,500000.0,,2015.0,other
2692,2015-05-06,medwell ventures,,bangalore,"fidelity growth partners, fidelity biosciences",private equity,10000000.0,series a,2015.0,healthcare
2693,2015-05-06,jugnoo,,chandigarh,"snow leopard, paytm",private equity,5000000.0,series a,2015.0,mobility
2694,2015-08-06,postergully,,delhi,"natarajan iyer,rajesh sawhney, xc2 xa0 & other angel investors.",seed funding,,,2015.0,ecommerce
2695,2015-08-06,applied solar technologies,,mumbai,"future fund,bessemer venture, capricorn investment and ifc",private equity,40000000.0,series b,2015.0,other
2696,2015-09-06,clovia,,delhi,ivycap ventures,private equity,5000000.0,series a,2015.0,ecommerce
2697,2015-09-06,swiggy,,bangalore,"norwest venture partners, saif partners, accel partners",private equity,16500000.0,series b,2015.0,food
2698,2015-09-06,paymango,,gurgaon,group of angel investors,seed funding,234000.0,,2015.0,other
2699,2015-09-06,printland,,delhi,sidbi venture capital ltd,private equity,,series a,2015.0,other
2700,2015-09-06,teritree,,bangalore,kcl,seed funding,140000.0,,2015.0,technology
2701,2015-10-06,guiddoo,,mumbai,"pawan borle, svp fly dubai & others",seed funding,,,2015.0,other
2702,2015-10-06,voonik,,bangalore,"sequoia capital, seedfund",private equity,5000000.0,series a,2015.0,ecommerce
2703,2015-11-06,adstringo,,mumbai,"arihant patni, vishal khare, xc2 xa0 viswanath ramachandran",seed funding,350000.0,,2015.0,technology
2704,2015-11-06,faircent.com,,gurgaon,m&s partners pte. ltd,seed funding,250000.0,pre-series a,2015.0,fintech
2705,2015-12-06,la renon,,ahmedabad,sequoia capital,private equity,16000000.0,series a,2015.0,healthcare
2706,NaT,homelane,,bangalore,sequoia capital,private equity,50000000.0,series b,,other
2707,NaT,istar,,bangalore,unitus seed fund,private equity,,series a,,edtech
2708,NaT,shippr,,bangalore,i2india pvt ltd,seed funding,500000.0,,,logistics
2709,NaT,foodabhi,,mumbai,group of angel investors,seed funding,,,,fintech
2710,NaT,karma recycling,,delhi,"infuse ventures, low carbon enterprise fund",private equity,,series a,,other
2711,NaT,couponraja,,mumbai,"mahesh pratapneni, pallab chatterjee & others",seed funding,500000.0,,,other
2712,NaT,babychakra,,mumbai,"mumbai angels, patni family office, singapore angel network, karan maheshwari, jatin aneja, kishor ganji, roopa nath",seed funding,,,,other
2713,NaT,jiffstore,,bangalore,"unitus seed fund, times internet",seed funding,,additional funding round,,food
2714,NaT,mydentist,,mumbai,"lgt group, asian healthcare fund, seedfund",private equity,8200000.0,series c,,technology
2715,NaT,moovo,,delhi,youwecan ventures,seed funding,,,,logistics
2716,NaT,fracktal works,,bangalore,neoteric infomatique limited,private equity,3000000.0,series a,,other
2717,NaT,hansa customer equity,,mumbai,ask pravi,private equity,5000000.0,series a,,technology
2718,NaT,healthifyme,,bangalore,"gopal srinivasan, sashi reddy, amit gupta, pallav nadhani",private equity,,series a,,healthcare
2719,NaT,cakart.in,,bangalore,sunil maheshwari & group of investors,seed funding,,,,edtech
2720,NaT,housejoy,,bangalore,matrix partners,private equity,4000000.0,series a,,ecommerce
2721,NaT,fundsindia.com,,chennai,"faering capital, foundation capital, inventus capital partners",private equity,11000000.0,series c,,fintech
2722,NaT,cupick,,bangalore,group of angel investors from us/india,seed funding,120000.0,,,media_entertainment
2723,NaT,tracxn,,bangalore,"sachin bansal, bunny bansal & other investors",private equity,10000000.0,series a,,other
2724,NaT,holachef,,mumbai,"kalaari capital, india quotient",private equity,3100000.0,series a,,food
2725,NaT,elong,,bangalore,"kunal bahl, rohit bansal, blume ventures, phanindra sama, raju reddy",private equity,5000000.0,series a,,technology
2726,NaT,ixigo,,gurgaon,micromax informatics,private equity,,strategic investment,,other
2727,NaT,skillangels,,chennai,sprout angels llp,seed funding,,,,technology
2728,NaT,vidgyor,,bangalore,angelprime,seed funding,500000.0,,,media_entertainment
2729,NaT,banihal,,delhi,dr david cheriton,seed funding,,,,technology
2730,NaT,goodservice,,delhi,sequoia capital,private equity,1600000.0,series a,,other
2731,NaT,treebo,,bangalore,"matrix partners india, saif partners",private equity,6000000.0,series a,,other
2732,NaT,edukart,,delhi,"holostik group, youwecan ventures, 500 startups, vijay shekhar sharma, manish kheterpal, amit patni",private equity,1000000.0,series a,,edtech
2733,NaT,healthians.com,,hyderabad,youwecan ventures,seed funding,,,,healthcare
2734,NaT,labinapp,,bangalore,unitus seed fund,seed funding,,,,edtech
2735,NaT,syona cosmetics,,chennai,chennai angels,seed funding,,,,other
2736,NaT,sigrid education,,noida,oliphans capital,seed funding,,,,edtech
2737,NaT,indix,,,"nokia growth partners, nexus venture partners, avalon ventures",private equity,15000000.0,series c,,saas
2738,NaT,the porter,,mumbai,"sequoia capital, kae capital, anupam mittal, sandeep tandon",private equity,5500000.0,series a,,logistics
2739,NaT,retention.ai,,bangalore,"mercury fund, anshu sharma, pratyush prasanna, robert winters & others",seed funding,500000.0,,,other
2740,NaT,fusion microfinance,,delhi,"development finance institution belgian investment company, oikocredit",private equity,8600000.0,series c,,fintech
2741,NaT,zinka,,bangalore,"accel partners, flipkart",private equity,6000000.0,series a,,logistics
2742,NaT,creditmantri,,chennai,"idg ventures india, elevar equity, accion venture lab",private equity,2500000.0,series a,,technology
2743,NaT,getmypeon,,mumbai,undisclosed investors,seed funding,250000.0,,,other
2744,NaT,urbanclap,,delhi,"saif partners, xc2 xa0 accel partners",private equity,10000000.0,series a,,ecommerce
2745,NaT,stayglad,,bangalore,"tracxn labs, sahil barua",seed funding,,,,ecommerce
2746,NaT,adwyze,,bangalore,mape advisory,seed funding,1000000.0,,,mobility
2747,NaT,zimmber,,mumbai,"naveen tiwari, mohit saxena, amit gupta, piyush shah, manish dugar",seed funding,400000.0,,,other
2748,NaT,buttercups,,bangalore,"kanwaljit singh, angie mahtaney, manoj varghese",seed funding,,,,other
2749,NaT,railyatri,,bangalore,"helion ventures, omidiyar network, blume ventures and ujama",private equity,,pre-series a,,technology
2750,NaT,aagaar.com,,gurgaon,group of investors,seed funding,,,,food
2751,NaT,flatchat,,bangalore,commonfloor,private equity,2500000.0,strategic funding,,real_estate
2752,NaT,mycfo,,mumbai,sameer koticha,private equity,1500000.0,series a,,fintech
2753,2015-01-05,foodpanda,,gurgaon,"goldman sachs, rocket internet",private equity,100000000.0,series d,2015.0,food
2754,2015-01-05,termsheet,,chennai,"anand vijay, nipun dureja, satyajit heeralal, keith rodricks, gaurav lochan, azmul haque, nikhil bagri",seed funding,100000.0,,2015.0,technology
2755,2015-04-05,applicate,,bangalore,"rishi vasudev, amit gupta, rajiv nayan",seed funding,550000.0,,2015.0,technology
2756,2015-04-05,world art community,,gurgaon,viraj tyagi & others,seed funding,200000.0,,2015.0,ecommerce
2757,2015-04-05,spoonjoy,,bangalore,saif partners,seed funding,1000000.0,,2015.0,food
2758,2015-05-05,seed schools,,hyderabad,acumen fund,seed funding,650000.0,,2015.0,edtech
2759,2015-05-05,ignis careers,,hyderabad,acumen fund,seed funding,250000.0,,2015.0,other
2760,2015-05-05,square yards,,gurgaon,undisclosed investors,private equity,6000000.0,pre-series a,2015.0,real_estate
2761,2015-05-05,fintellix,,bangalore,"idg ventures, sequoia capital",private equity,15000000.0,series c,2015.0,other
2762,2015-05-05,customer360,,mumbai,vishwas patel,seed funding,,,2015.0,other
2763,2015-06-05,delhivery,,gurgaon,"tiger global management, multiples alternate asset management, nexus venture partners, times internet",private equity,85000000.0,series d,2015.0,logistics
2764,2015-06-05,swiggy,,bangalore,norwest venture partners,private equity,15000000.0,series b,2015.0,food
2765,2015-07-05,uniphore,,chennai,"idg ventures, kris gopalakrishnan",private equity,,series a,2015.0,technology
2766,2015-07-05,box8,,mumbai,mayfield ventures,private equity,3500000.0,series a,2015.0,food
2767,2015-07-05,toppr,,mumbai,"fidelity growth partners india, saif partners, xc2 xa0 helion ventures",private equity,10000000.0,series b,2015.0,edtech
2768,2015-07-05,vedantu,,bangalore,"accel partners, tiger global management",private equity,5000000.0,series a,2015.0,edtech
2769,2015-08-05,buyhatke,,bangalore,"s.gopalakrishnan, beenos",seed funding,1000000.0,,2015.0,other
2770,2015-08-05,kleverkid,,delhi,aarin capital partners,seed funding,,,2015.0,edtech
2771,2015-08-05,uniken,,pune,exfinity ventures,private equity,2000000.0,bridge round pre-series b,2015.0,technology
2772,2015-08-05,grandopinion,,delhi,florida based angel investor,seed funding,150000.0,,2015.0,healthcare
2773,2015-08-05,healthifyme,,bangalore,micromax informatics,private equity,,strategic investment,2015.0,healthcare
2774,2015-12-05,zapstitch,,bangalore,"helion venture partners, orios venture partners",private equity,2000000.0,pre-series a,2015.0,technology
2775,2015-12-05,wassup,,chennai,"arun chandra mohan, praveen sinha",private equity,2000000.0,pre-series a,2015.0,other
2776,NaT,mobiefit,,goa,prototyze,seed funding,,,,technology
2777,NaT,plancess,,mumbai,"rajendra gogri, xc2 xa0 chandrakant gogri",seed funding,2000000.0,,,edtech
2778,2015-12-05,workhorse,,mumbai,undisclosed investors,seed funding,,,2015.0,other
2779,NaT,innovaccer,,noida,"rajan anandan, teru sato, aneesh reddy, venkatesh valluri",seed funding,,,,technology
2780,NaT,mycuteoffice,,mumbai,lead angels,seed funding,,,,real_estate
2781,NaT,indianroots.com,,gurgaon,kjs group,private equity,5000000.0,series b,,ecommerce
2782,NaT,redpolka,,mumbai,undisclosed investors,seed funding,250000.0,,,other
2783,NaT,venturesity,,bangalore,"phanindra sama, jay sethuram, hemant kanakia, ravi trivedi",seed funding,270000.0,,,edtech
2784,NaT,thebetterindia.com,,bangalore,mohandas pai,seed funding,,pre-series bridge,,media_entertainment
2785,NaT,awaaz de,,ahmedabad,samir shah,seed funding,,,,other
2786,NaT,chaayos,,delhi,tiger global management,private equity,1000000.0,series a,,technology
2787,NaT,akosha,,delhi,sequoia capital,private equity,16000000.0,series b,,other
2788,NaT,cooey,,bangalore,subhash goyal,seed funding,470000.0,,,healthcare
2789,NaT,meetuniv,,noida,peesh venture capital,seed funding,1000000.0,,,technology
2790,NaT,inspirock,,,makemytrip innovation fund,private equity,,,,other
2791,NaT,crown-it,,gurgaon,"accel partners, helion venture partners",private equity,5500000.0,series a,,ecommerce
2792,NaT,trucksfirst,,gurgaon,saif partners,private equity,10000000.0,series a,,other
2793,NaT,lookup,,bangalore,biz stone,private equity,3000000.0,series a,,other
2794,NaT,sunterrace,,delhi,sunergy investors,private equity,,,,other
2795,NaT,xc2xa0nudgespot,,bangalore,"kae capital, anoop goyal, mike shah, va sastry",seed funding,625000.0,,,other
2796,NaT,cardekho,,jaipur,hdfc bank,private equity,,1 stake,,other
2797,NaT,eveningflavors,,bangalore,sandiep shrivatsava,seed funding,500000.0,,,other
2798,NaT,razorpay,,bangalore,punit soni,seed funding,,,,fintech
2799,NaT,zenparent,,bangalore,i2india ventures,seed funding,500000.0,,,media_entertainment
2800,NaT,newgen payments,,delhi,jan manten,seed funding,,,,fintech
2801,NaT,urbanpro,,bangalore,nirvana venture advisors,private equity,2000000.0,series a,,ecommerce
2802,NaT,goodbox,,bangalore,manipal group,seed funding,200000.0,,,other
2803,NaT,renderlogy,,hyderabad,astarc ventures,private equity,1000000.0,series a,,other
2804,NaT,postman,,bangalore,nexus venture partners,seed funding,1000000.0,series a,,other
2805,NaT,casa2inns,,delhi,"accel partners, kalaari capital",private equity,5000000.0,series a,,other
2806,NaT,fleetrover,,goa,"tim chen, sanjay venkat",seed funding,180000.0,,,logistics
2807,NaT,thekarrier,,bangalore,"sol primero, outbox ventures, nikunj jain",seed funding,240000.0,,,logistics
2808,NaT,zoomcar,,bangalore,sequoia capital,private equity,5000000.0,series b interim funding,,real_estate
2809,NaT,truweight,,hyderabad,kalaari capital,private equity,,series a,,other
2810,NaT,ather energy,,bangalore,tiger global,private equity,12000000.0,series a,,other
2811,2015-03-04,swiggy,,bangalore,"accel partners, saif partners",private equity,2000000.0,series a,2015.0,food
2812,2015-04-04,bluegape,,gurgaon,"rudy gopalakrishnan, ah ventures",seed funding,200000.0,,2015.0,media_entertainment
2813,2015-04-04,keeptrax,,dallas,,seed funding,1000000.0,,2015.0,other
2814,2015-06-04,instalively,,delhi,"rajesh sawheny , rajan anandan, amit ranjan, niraj singh, aecal, meraevents.",seed funding,120000.0,,2015.0,media_entertainment
2815,2015-07-04,pricejugaad,,hyderabad,"amit tyagi, sandeep acharya & others",seed funding,165000.0,,2015.0,other
2816,2015-07-04,quikr,,mumbai,"tiger global, investment ab kinnevik, steadview capital",private equity,150000000.0,series g (check prev funding details here),2015.0,other
2817,2015-07-04,pressplay,,delhi,"sequoia capital, jason hirschhorn, jarett posner, and amit bhatiani",seed funding,2200000.0,,2015.0,media_entertainment
2818,2015-07-04,loginext,,mumbai,"ajit surana, sanjay mehta",seed funding,,,2015.0,logistics
2819,2015-08-04,firstcry.com,,pune,"silicon valley ventures, nea ventures, valiant capital, idg ventures india, xc2 xa0 saif partners, vertex ventures",private equity,10000000.0,"series d ( in feb it was announced they raised 26m, but it is 36m, so added here)",2015.0,ecommerce
2820,2015-08-04,mobikwik,,gurgaon,"tree line asia, cisco investments, american express, sequoia capital",private equity,25000000.0,series b,2015.0,technology
2821,2015-08-04,olacabs,,bangalore,"dst global, steadview capital, tiger global, accel partners & others",private equity,400000000.0,series e (updated from 315m to 400m after press release),2015.0,mobility
2822,2015-09-04,gadgetwood,,delhi,"ajai chowdhry, ashvin chadha, yogesh bansal, nnitin singhal & others",seed funding,200000.0,,2015.0,technology
2823,2015-09-04,bonhomia,,delhi,"kanwaljit singh, shripad nadkarni, sarvesh shahra & others",seed funding,2000000.0,,2015.0,food
2824,2015-09-04,changer mints,,kolkata,hyderabad based investor,seed funding,165000.0,,2015.0,technology
2825,2015-09-04,urban ladder,,bangalore,"sequoia capital, tr capital, steadview capital, saif partners, kalaari capital",private equity,50000000.0,series c,2015.0,ecommerce
2826,2015-09-04,purple squirrel,,mumbai,"matrix partners india, india quotient",private equity,,series b,2015.0,technology
2827,2015-10-04,whatfix,,bangalore,"helion venture partner, powerhouse ventures, gsf and other angel investors",seed funding,900000.0,,2015.0,other
2828,2015-10-04,immi life,,chennai,unitus seed fund,seed funding,,,2015.0,healthcare
2829,2015-11-04,zomato,,gurgaon,info edge (india),private equity,25000000.0,late stage,2015.0,food
2830,NaT,zopnow,,bangalore,"dragoneer investment, accel partners, qualcomm ventures, times internet",private equity,10000000.0,series b,,food
2831,NaT,nayi disha,,delhi,"ajay relan,",seed funding,300000.0,,,technology
2832,NaT,the porter,,mumbai,kae capital,seed funding,500000.0,,,logistics
2833,NaT,commeasure,,noida,jungle ventures,seed funding,1000000.0,,,other
2834,NaT,capricoast,,bangalore,accel partners india,seed funding,1250000.0,,,technology
2835,NaT,localoye,,mumbai,"tiger global management, lightspeed venture partners",private equity,5000000.0,series a,,other
2836,NaT,grofers,,gurgaon,"tiger global, sequoia capital",private equity,35000000.0,series b,,food
2837,NaT,peppertap,,gurgaon,"saif partners, sequoia capital",private equity,10000000.0,series a,,food
2838,NaT,policybazaar,,gurgaon,"premjiinvest, tiger global, ribbit capital",private equity,40000000.0,series d,,other
2839,NaT,urbanclap,,delhi,"saif partners, accel partners, kunal bahl, rohit bansal",seed funding,1600000.0,,,ecommerce
2840,NaT,taskbob,,mumbai,"orios venture partners, mayfield india",seed funding,1200000.0,,,other
2841,NaT,robosoft,,udupi,"ascent capital, kalaari capital",private equity,12000000.0,series b,,other
2842,NaT,doormint,,mumbai,powai lake ventures,seed funding,,,,other
2843,NaT,vyomo,,gurgaon,youwecan ventures,seed funding,,,,other
2844,NaT,pastiwala,,vadodara,agnus capital,private equity,4000000.0,series a,,other
2845,NaT,1mg (healthkartplus),,gurgaon,"deep kalra, sequoia capital, omidyar network, intel capital & kae capital",private equity,6000000.0,series a,,healthcare
2846,NaT,freshdesk,,chennai,"tiger global, google capital & accel partners",private equity,50000000.0,series e,,other
2847,NaT,sulekha.com,,chennai,gic ventures,private equity,28000000.0,series c,,other
2848,NaT,findyahan,,delhi,the phoenix fund,private equity,,series a,,ecommerce
2849,NaT,eat.shop.love,,bangalore,undisclosed investor,private equity,3500000.0,series a,,ecommerce
2850,NaT,avanti learning,,delhi,"michael & susan dell foundation, pearson learning fund",private equity,1500000.0,series a,,edtech
2851,NaT,simplilearn,,bangalore,"mayfield ventures, kalaari capital, helion ventures",private equity,15000000.0,series c,,other
2852,NaT,craftstvilla,,mumbai,"sequoia capital, nexus venture partners, lightspeed ventures, gfc",private equity,18000000.0,series b,,ecommerce
2853,NaT,headout,,bangalore,"version one ventures, 500 startups, nexus venture partners and arena ventures",seed funding,1800000.0,,,ecommerce
2854,NaT,happay,,bangalore,angelprime,seed funding,500000.0,,,other
2855,NaT,jugnoo,,chandigarh,"rakesh mathur, vikas taneja & others",seed funding,1000000.0,,,logistics
2856,NaT,eazydiner,,delhi,"deepak shahdadpuri, gulpreet kohli",seed funding,,,,food
2857,NaT,phone warrior,,delhi,lightspeed ventures,seed funding,,pre-series a,,other
2858,NaT,coverfox,,mumbai,"accel us, accel india, saif partners.",private equity,12000000.0,series b,,fintech
2859,NaT,torqus,,pune,s s mukherji & others,seed funding,350000.0,,,food
2860,NaT,grab,,mumbai,"oliphans capital, haresh chawla",seed funding,1000000.0,,,food
2861,NaT,logicroots,,jaipur,"ah ventures, calcutta angels, xc2 xa0 91springboard",seed funding,400000.0,,,edtech
2862,NaT,gibbs,,delhi,infuse ventures fund,private equity,,series b,,technology
2863,NaT,babajobs,,bangalore,seek ltd & affiliates,private equity,10000000.0,series b,,other
2864,NaT,urban ladder,,bangalore,"anand rajaraman, venky harinarayan",private equity,,series d,,ecommerce
2865,NaT,jay robotix,,hyderabad,cross border angels & others,seed funding,250000.0,,,edtech
2866,NaT,naaptol.com,,mumbai,mitsui & co & existing investors,private equity,21500000.0,series c,,ecommerce
2867,NaT,reglobe,,gurgaon,"bessemer ventures, blume ventures",seed funding,1000000.0,,,other
2868,NaT,icertis,,pune,"greycroft partners, fidelity growth partners",private equity,6000000.0,series a,,technology
2869,NaT,tracxn,,bangalore,saif partners,private equity,3500000.0,series a,,other
2870,NaT,dazo,,bangalore,"sumit jain, aprameya radhakrishna, alok goel, rajan anandan, amit agrawal, vinay goel, gaurav munjal, ashish dev kapur",seed funding,,,,food
2871,NaT,tradelab,,bangalore,rainmatter,seed funding,400000.0,,,fintech
2872,NaT,piqube,,chennai,the hr fund,seed funding,500000.0,,,other
2873,NaT,travel triangle,,noida,"bessemer venture partners, saif partners",private equity,8000000.0,series b,,ecommerce
2874,2015-02-03,trulymadly.com,,,"helion venture partners, kae capital",private equity,5500000.0,series a,2015.0,other
2875,2015-02-03,instalively,,,group of angel investors,seed funding,120000.0,,2015.0,other
2876,2015-03-03,vserv,,,"maverick capital, idg ventures india",private equity,15000000.0,,2015.0,other
2877,2015-03-03,intruo.com,,,"ashutosh lawania, alok goel & others",seed funding,,,2015.0,other
2878,2015-05-03,niffler,,,saif partners,seed funding,1000000.0,,2015.0,other
2879,2015-05-03,customfurnish.com,,,"madhukar gangadi, satish reddy, srini raju, srini koppolu & sidbi",private equity,2500000.0,,2015.0,other
2880,2015-06-03,mapmygenome,,,rajan anandan & other angel investors,private equity,1200000.0,,2015.0,other
2881,2015-09-03,crowdfire (formerly justunfollow),,,kalaari capital,private equity,2500000.0,,2015.0,other
2882,2015-09-03,bite club,,,"powai lake ventures, aneesh reddy, ashish kashyap, alok mittal",seed funding,500000.0,,2015.0,other
2883,2015-10-03,localbanya,,,shrem strategies,private equity,,series b,2015.0,other
2884,2015-11-03,appedo,,,undisclosed investors,seed funding,1000000.0,,2015.0,other
2885,2015-11-03,fitraq.com,,,tarun arora,seed funding,150000.0,,2015.0,other
2886,2015-11-03,chargebee,,,"tiger global, accel partners",private equity,5000000.0,series b,2015.0,other
2887,2015-11-03,groupon india,,,sequoia capital,private equity,20000000.0,,2015.0,other
2888,2015-12-03,process 9,,,"ian ventures, alok sharma, kris gopalakrishnan, saurabh srivastava, ajai chowdhry",seed funding,,,2015.0,other
2889,2015-12-03,moonfrog labs,,,"tiger global, sequoia capital.",private equity,15000000.0,series a,2015.0,other
2890,NaT,foodpanda,,,rocket internet ag & others,private equity,110000000.0,series c,,other
2891,NaT,paytm,,,ratan tata,private equity,,more details,,other
2892,NaT,diabetomics,,,"ventureeast, xc2 xa0 varaprasad reddy",private equity,5000000.0,series c,,other
2893,NaT,qyk,,,"powai lake ventures, zishan hayath, abhishek goyal, sahil barua",seed funding,,,,other
2894,NaT,daily rounds,,,"kae capital, gsf, teruhide sato",seed funding,500000.0,,,other
2895,NaT,orobind,,,"zishaan hayath, lalit mangal, harpreet singh grover",seed funding,200000.0,,,other
2896,NaT,routofy,,,"kunal bahl, rohit bansal",seed funding,,,,other
2897,NaT,digital gorkha,,,ramesh kavediya,seed funding,166000.0,,,other
2898,NaT,nestaway,,,"idg ventures, naveen tewari",seed funding,1300000.0,,,other
2899,NaT,the better india,,,i-cube-n,seed funding,166000.0,,,other
2900,NaT,meru cabs,,,value fund advisors,private equity,50000000.0,,,other
2901,NaT,golflan,,,yournest angel fund,seed funding,,,,other
2902,NaT,drivestream,,,wipro,private equity,5000000.0,,,other
2903,NaT,wwhere,,,group of angel investors,seed funding,200000.0,,,other
2904,NaT,gojavas,,,snapdeal,private equity,,"minority stake, strategic",,other
2905,NaT,tripoto,,,"idg ventures, outbox ventures",private equity,2000000.0,pre-series a,,other
2906,NaT,graphic india,,,"ca media lp, xc2 xa0 start media.",seed funding,2800000.0,,,other
2907,NaT,harness handitouch,,,armat group,private equity,,series a,,other
2908,NaT,lets corp,,,wu chay chin,seed funding,3000000.0,,,other
2909,NaT,collatebox,,,letsventure,seed funding,180000.0,,,other
2910,NaT,mahindra first choice,,,valiant capital,private equity,15000000.0,series b,,other
2911,NaT,round one,,,"ht media, arun duggal",seed funding,,,,other
2912,NaT,razorpay,,,y combinator,seed funding,120000.0,,,other
2913,NaT,mosambee,,,rvcf and sidbi,private equity,,series b,,other
2914,NaT,furlenco,,,lightbox ventures,private equity,6000000.0,series a,,other
2915,NaT,cubito,,,sol primero,seed funding,160000.0,,,other
2916,NaT,teabox,,,"jafco asia, keystone group, dragoneer investment, accel partners",private equity,6000000.0,series a,,other
2917,NaT,artoo,,,"accion venture labs, rianta capital",private equity,500000.0,series a,,other
2918,NaT,fxkart.com,,,"dr mushtaq shah, dr faraz naqvi",seed funding,2000000.0,,,other
2919,NaT,rozgar mela,,,"impact investment holding, upaya social ventures",seed funding,,,,other
2920,NaT,oyo rooms,,,"greenoaks capital, sequoia capital, lightspeed ventures",private equity,25000000.0,series a,,other
2921,NaT,roposo.com,,,"tiger global management, indian quotient, binny bansal",private equity,5000000.0,series a,,other
2922,NaT,teewe,,,"sequoia capital, india quotient",seed funding,1750000.0,,,other
2923,NaT,epoise,,,undisclosed,seed funding,,,,other
2924,NaT,urjas,,,solidarity venture capital & others,seed funding,100000.0,,,other
2925,NaT,chargein,,,pittie group,seed funding,100000.0,,,other
2926,NaT,yogurt labs,,,"nick adams, kiran bhat, family pot investments llp",seed funding,115000.0,,,other
2927,NaT,limeroad.com,,,"tiger global, matrix partners, lightspeed venture partners",private equity,30000000.0,,,other
2928,NaT,team indus,,,"nandan nilekani, rajiv mody, ajai chowdhary",private equity,1500000.0,pre-series a,,other
2929,NaT,arohan financial services,,,tano capital,private equity,10000000.0,,,other
2930,NaT,billdesk,,,ta associates,private equity,75000000.0,incremental capital,,other
2931,NaT,triphobo,,,"mayfield ventures, kalaari capital",private equity,3000000.0,series b (more here),,other
2932,NaT,aryaka,,,"trinity ventures, interwest partners, mohr davidow ventures, presidio ventures",private equity,16000000.0,series d,,other
2933,NaT,appsdaily,,,"zodius capital, ru-net, kalaari capital, xc2 xa0 qualcomm ventures",private equity,16000000.0,series c,,other
2934,2015-02-02,faaya,,,group of angel investors,seed nfunding,16600.0,at the 10 minute million event,2015.0,other
2935,2015-02-02,instabounce,,,group of angel investors,seed nfunding,16600.0,at the 10 minute million event,2015.0,other
2936,2015-02-02,chloroplast foods,,,group of angel investors,seed nfunding,16600.0,at the 10 minute million event,2015.0,other
2937,2015-02-02,dealwithus,,,group of angel investors,seed nfunding,16600.0,at the 10 minute million event,2015.0,other
2938,2015-02-02,cleversharks,,,group of angel investors,seed nfunding,16600.0,at the 10 minute million event,2015.0,other
2939,2015-02-02,leaf,,,group of angel investors,seed nfunding,16600.0,at the 10 minute million event,2015.0,other
2940,2015-02-02,smartpocket,,,"sol primero, rajiv mehta",seed nfunding,250000.0,for mobile app,2015.0,other
2941,2015-02-02,yumist,,,orios venture partner,private equity,1000000.0,,2015.0,other
2942,2015-02-02,nowfloats,,,omidyar network,private equity,,series a,2015.0,other
2943,2015-02-02,firstcry,,,valiant capital partners,private equity,26000000.0,series d,2015.0,other
2944,2015-02-02,holachef,,,india quotient,seed nfunding,325000.0,,2015.0,other
2945,2015-03-02,frsh.co.in,,,"india quotient, kae capital",seed nfunding,518000.0,,2015.0,other
2946,2015-03-02,manthan,,,"temasek, norwest venture partners",private equity,60000000.0,series d,2015.0,other
2947,2015-05-02,kobster.com,,,splice advisors,seed nfunding,,,2015.0,other
2948,2015-05-02,culture machine,,,"tiger global, times internet, zodius capital",private equity,18000000.0,series b,2015.0,other
2949,2015-05-02,paytm,,,ant financial services (alipay),private equity,,strategic investment (25 stake),2015.0,other
2950,2015-05-02,aisle.co,,,"anand vijay, shashank mehrotra & others",seed nfunding,100000.0,,2015.0,other
2951,2015-06-02,freecharge,,,"valiant capital, tybourne capital, sequoia capital, runet and sofina",private equity,80000000.0,series c,2015.0,other
2952,2015-06-02,newshunt,,,"falcon edge capital, matrix partners india, sequoia capital india and omidyar network",private equity,40000000.0,series c,2015.0,other
2953,2015-09-02,mynoticeperiod,,,idg ventures,private equity,3000000.0,series a,2015.0,other
2954,2015-09-02,cardekho.com,,,ratan tata,private equity,,,2015.0,other
2955,2015-09-02,faasoxe2x80x99s,,,lightbox ventures,private equity,20000000.0,series b,2015.0,other
2956,2015-10-02,cartrade.com,,,chip perry,private equity,,,2015.0,other
2957,2015-10-02,storeking,,,mangrove capital partners,private equity,,,2015.0,other
2958,2015-11-02,capital float,,,"saif partners, sequoia capital, aspada",private equity,13000000.0,series a,2015.0,other
2959,2015-11-02,nimble wireless,,,angelprime,seed nfunding,3000000.0,,2015.0,other
2960,2015-11-02,townscript,,,group of angel investors,seed nfunding,,,2015.0,other
2961,2015-11-02,findyahan,,,"karan bajwa, parvesh bareja , sunjay kapur, amanpreet bajaj",seed nfunding,,,2015.0,other
2962,2015-12-02,stayzilla,,,"nexus venture partners, matrix partners",private equity,20000000.0,series b,2015.0,other
2963,2015-12-02,practo,,,"sequoia capital, matrix partners",private equity,30000000.0,series b,2015.0,other
2964,NaT,cimplyfive,,,"suresh senapaty, tv mohandas pai",seed nfunding,,,,other
2965,NaT,20dresses,,,"srinivas aluri, srinivas modukury, bs nagesh",seed nfunding,1000000.0,,,other
2966,NaT,itzcash,,,ashok goel (promoter),private equity,16500000.0,promoter commitment,,other
2967,NaT,newsinshorts,,,"tiger global, rebright partners, sachin and binny bansal",private equity,4150000.0,series a,,other
2968,NaT,itraveller.com,,,ah ventures,private equity,1000000.0,series a,,other
2969,NaT,nextgen,,,mumbai angels & group of other investors,seed nfunding,,,,other
2970,NaT,wooplr.com,,,helion venture partners,private equity,5000000.0,series a,,other
2971,NaT,springleap,,,cross border angels,seed nfunding,800000.0,,,other
2972,NaT,klip.in,,,"calcutta angels, venture nursery angels mumbai angels",seed nfunding,500000.0,,,other
2973,NaT,renderlogy,,,brick eagle,private equity,1600000.0,series a,,other
2974,NaT,appbase,,,"da-iict, techstars, carnegie mellon university, startup brasil program",seed nfunding,290000.0,grant seed funding,,other
2975,NaT,homelane,,,"sequoia capital, ranjan pai, mohandas pai & others",private equity,4500000.0,series a,,other
2976,NaT,trip38,,,"interglobe technology quotient, lantern capital",private equity,1000000.0,series a,,other
2977,NaT,smartairtrip.com,,,undisclosed,private equity,10000000.0,series a,,other
2978,NaT,nobroker,,,"saif partners, fulcrum ventures",private equity,3000000.0,series a,,other
2979,NaT,caravan craft retail,,,"unitus seed fund nnarayan ramachandran, bijou kurien",seed nfunding,500000.0,,,other
2980,NaT,squadrun,,,"amit ranjan, deepinder goyal, zishaan hayath, powai lake ventures",seed nfunding,,,,other
2981,NaT,clonect solutions,,,"v balakrishnan, t v mohandas pai, bc prabhakar",seed nfunding,250000.0,,,other
2982,NaT,taxsutra,,,"v balakrishnan, t v mohandas pai",seed nfunding,160000.0,,,other
2983,NaT,peppertap,,,sequoia capital,seed nfunding,,,,other
2984,NaT,sattviko,,,"sumit jain, rajat jain, sanjay bhasin",seed nfunding,320000.0,,,other
2985,NaT,industrybuying,,,saif partners,private equity,2000000.0,series a,,other
2986,NaT,freshworld,,,"kris gopalakrishnan, nagaraja prakasam",seed nfunding,,,,other
2987,NaT,tinyowl,,,"matrix partners, sequoia capital, nexus venture partners",private equity,16000000.0,series b,,other
2988,NaT,momoe,,,"idg ventures india, jungle ventures, india quotient.",seed nfunding,1200000.0,,,other
2989,NaT,grofers,,,"tiger global management, sequoia capital india",private equity,10000000.0,series a,,other
2990,2015-02-01,lenskart,,,"tpg growth, tr capital, idg ventures",private equity,2150000.0,,2015.0,other
2991,2015-02-01,violetstreet,,,"venkat vallabhneni, sudhakar reddy, srinivasa rao paturi",seed nfunding,315000.0,,2015.0,other
2992,2015-05-01,lookup,,,"dena co., japan & teruhide sato (in addition to mks switzerland & kris gopalkrishnan)",seed nfunding,380000.0,,2015.0,other
2993,2015-05-01,#fame,,,to the new ventures,private equity,10000000.0,,2015.0,other
2994,2015-05-01,gympik,,,"tom clausen, rohan ajila, haldyn glass",seed funding,135000.0,,2015.0,other
2995,2015-06-01,near.in,,,"anupam mittal, manish vij, prashant tandon, gaurav agarwal, akash agarwal, himanshu aggarwal, kevin parikh",seed funding,285000.0,,2015.0,other
2996,2015-06-01,purplle.com,,,ivycap ventures,private equity,,,2015.0,other
2997,2015-06-01,numbermall,,,sri capital,private equity,10000000.0,,2015.0,other
2998,2015-06-01,tookitaki,,,"jungle ventures, redbright partners, blume ventures",private nequity,1000000.0,,2015.0,other
2999,2015-06-01,frankly,,,matrix partners,seed funding,600000.0,,2015.0,other
3000,2015-07-01,faircent,,,"devesh sachdev, ashish tiwari",seed funding,,valuation at 4m,2015.0,other
3001,2015-07-01,nurturey,,,seedrs crowd funding platform,crowd funding,125000.0,,2015.0,other
3002,2015-07-01,bewakoof,,,"rohit bansal, kunal bahl, nikhil vora",seed funding,,,2015.0,other
3003,2015-07-01,stridalyzer,,,kickstarter,crowd funding,30768.0,,2015.0,other
3004,2015-07-01,commonfloor,,,google capital,private equity,5000000.0,3rd round,2015.0,other
3005,2015-09-01,sokrati,,,"ivycap ventures, inventus capital",private equity,,series b,2015.0,other
3006,2015-09-01,yepme,,,"js capital, helion venture partners, capricorn investment group",private equity,13000000.0,series a,2015.0,other
3007,2015-09-01,tapcibo,,,alok goel,seed funding,,,2015.0,other
3008,2015-12-01,verayu,,,"gwb group, blume ventures",private equity,,,2015.0,other
3009,2015-12-01,mydreamstore,,,undisclosed investors,seed funding,290000.0,,2015.0,other
3010,NaT,appvirality,,,"rajan anandan, mike galgon, ashim mehra, mohit saxena, ravi gururaj, tnn capital & iig",seed funding,,,,other
3011,NaT,rategain,,,ta associates,private equity,50000000.0,,,other
3012,NaT,wishberry,,,"rajan anandan, shankar mahadevan, deep kalra & others",seed funding,650000.0,,,other
3013,NaT,ekincare,,,adroitent pvt. ltd.,seed funding,161000.0,,,other
3014,NaT,shopclues,,,tiger global & other investors,private equity,100000000.0,more details,,other
3015,NaT,refiral,,,cogent e services,seed funding,330000.0,,,other
3016,NaT,ping digital,,,consortium of angel investors,seed funding,,,,other
3017,NaT,healthyworld.in,,,group of angel investors,seed funding,200000.0,,,other
3018,NaT,hostel dunia,,,hyderabad angels (at startup heroes event),seed funding,16000.0,,,other
3019,NaT,play your sport,,,hyderabad angels (at startup heroes event),seed funding,16000.0,,,other
3020,NaT,yo grad,,,hyderabad angels (at startup heroes event),seed funding,16000.0,,,other
3021,NaT,enabli,,,hyderabad angels (at startup heroes event),seed funding,16000.0,,,other
3022,NaT,cbs,,,hyderabad angels (at startup heroes event),seed funding,16000.0,,,other
3023,NaT,hopscotch,,,eduardo saverin & velos capital,private equity,11000000.0,,,other
3024,NaT,amagi media labs,,,premji invest & mayfield fund,private equity,,,,other
3025,NaT,healthyworld.in,,,group of angel investors,seed funding,200000.0,,,other
3026,NaT,simplilearn,,,"mayfield india, kalaari capital, helion ventures",private equity,14750000.0,,,other
3027,NaT,mydreamstore,,,undisclosed investors,seed funding,325000.0,,,other
3028,NaT,knit,,,"rohit jain, amit rambhia & others",seed funding,,,,other
3029,NaT,villgro,,,michael & susan dell foundation,seed funding,3250000.0,to fund edu startups,,other
3030,NaT,corporate360,,,group of angel investors,seed funding,200000.0,,,other
3031,NaT,freshmonk,,,"august capital partners, michael blakey",seed funding,,,,other
3032,NaT,englishleap.com,,,analec,private equity,,majority stake,,other
3033,NaT,antuit,,,"goldman sachs, zodius capital",private equity,56000000.0,,,other
3034,NaT,caratlane.com,,,tiger global,private equity,31000000.0,series d,,other
3035,NaT,aasaanjobs,,,"inventus capital partners, idg ventures",seed funding,1500000.0,,,other
3036,NaT,impartus,,,kaizen private equity,private equity,,series a,,other
3037,NaT,thrill app,,,people group (shaadi.com),private equity,1000000.0,strategic funding,,other
3038,NaT,cardekho.com,,,"hillhouse capital, tybourne capital",private equity,50000000.0,series b,,other
3039,NaT,grabhouse.com,,,"kalaari capital, sequoia capital",private equity,2500000.0,series a,,other
3040,NaT,printvenue,,,asia pacific internet group,private equity,4500000.0,,,other
3041,NaT,graphene,,,karsemven fund,private equity,825000.0,govt backed vc fund,,other
3042,NaT,mad street den,,,"exfinity fund, growx ventures.",private equity,1500000.0,,,other
3043,NaT,simplotel,,,makemytrip,private equity,,"strategic funding, minority stake",,other
3044,NaT,couponmachine.in,,,uk based group of angel investors,seed funding,140000.0,,,other
